tourney_id,tourney_name,surface,draw_size,tourney_level,tourney_date,match_num,winner_id,winner_seed,winner_entry,winner_name,winner_hand,winner_ht,winner_ioc,winner_age,winner_rank,winner_rank_points,loser_id,loser_seed,loser_entry,loser_name,loser_hand,loser_ht,loser_ioc,loser_age,loser_rank,loser_rank_points,score,best_of,round,minutes,w_ace,w_df,w_svpt,w_1stIn,w_1stWon,w_2ndWon,w_SvGms,w_bpSaved,w_bpFaced,l_ace,l_df,l_svpt,l_1stIn,l_1stWon,l_2ndWon,l_SvGms,l_bpSaved,l_bpFaced
1999-540,Wimbledon,Grass,128,G,19990621,50,102562,,,Jiri Novak,R,190.0,CZE,24.2491444216,59.0,779.0,103819,,WC,Roger Federer,R,185.0,SUI,17.8672142368,103.0,457.0,6-3 3-6 4-6 6-3 6-4,5,R128,138.0,1.0,5.0,171.0,130.0,85.0,16.0,24.0,17.0,21.0,8.0,6.0,160.0,108.0,77.0,22.0,23.0,10.0,15.0
1999-520,Roland Garros,Clay,128,G,19990524,48,102158,3.0,,Patrick Rafter,R,185.0,AUS,26.4010951403,3.0,3298.0,103819,,WC,Roger Federer,R,185.0,SUI,17.7905544148,111.0,424.0,5-7 6-3 6-0 6-2,5,R128,133.0,6.0,3.0,117.0,84.0,59.0,20.0,18.0,7.0,9.0,3.0,3.0,108.0,60.0,37.0,24.0,17.0,10.0,17.0
2000-560,US Open,Hard,128,G,20000828,38,103819,,,Roger Federer,R,185.0,SUI,19.0554414784,40.0,892.0,103193,,,Peter Wessels,R,196.0,NED,22.3107460643,89.0,467.0,4-6 4-6 6-3 7-5 3-4 RET,5,R128,152.0,15.0,9.0,150.0,85.0,62.0,38.0,25.0,5.0,8.0,15.0,4.0,128.0,81.0,61.0,30.0,24.0,2.0,5.0
2000-560,US Open,Hard,128,G,20000828,83,103819,,,Roger Federer,R,185.0,SUI,19.0554414784,40.0,892.0,102110,,,Daniel Nestor,L,190.0,CAN,27.9808350445,307.0,99.0,6-1 7-6(5) 6-1,5,R64,92.0,15.0,1.0,88.0,55.0,48.0,18.0,14.0,4.0,4.0,7.0,4.0,77.0,54.0,33.0,10.0,12.0,4.0,8.0
2000-560,US Open,Hard,128,G,20000828,106,103507,12.0,,Juan Carlos Ferrero,R,183.0,ESP,20.5420944559,12.0,1619.0,103819,,,Roger Federer,R,185.0,SUI,19.0554414784,40.0,892.0,7-5 7-6(6) 1-6 7-6(6),5,R32,173.0,4.0,10.0,151.0,81.0,55.0,36.0,22.0,3.0,9.0,14.0,7.0,135.0,75.0,60.0,30.0,21.0,8.0,12.0
2000-580,Australian Open,Hard,128,G,20000117,52,103819,,,Roger Federer,R,185.0,SUI,18.4421629021,62.0,620.0,102021,,,Michael Chang,R,175.0,USA,27.9014373717,38.0,841.0,6-4 6-4 7-6(5),5,R128,125.0,14.0,7.0,101.0,55.0,42.0,28.0,16.0,1.0,3.0,6.0,9.0,120.0,74.0,52.0,22.0,16.0,5.0,9.0
2000-580,Australian Open,Hard,128,G,20000117,90,103819,,,Roger Federer,R,185.0,SUI,18.4421629021,62.0,620.0,102466,,,Jan Kroslak,R,188.0,SVK,25.2511978097,104.0,372.0,7-6(1) 6-2 6-3,5,R64,106.0,9.0,4.0,106.0,64.0,43.0,28.0,14.0,9.0,10.0,6.0,6.0,105.0,68.0,41.0,16.0,15.0,8.0,12.0
2000-580,Australian Open,Hard,128,G,20000117,109,103096,,,Arnaud Clement,R,173.0,FRA,22.083504449,54.0,694.0,103819,,,Roger Federer,R,185.0,SUI,18.4421629021,62.0,620.0,6-1 6-4 6-3,5,R32,101.0,2.0,0.0,84.0,50.0,36.0,21.0,13.0,3.0,4.0,7.0,6.0,88.0,49.0,32.0,13.0,13.0,6.0,12.0
2000-540,Wimbledon,Grass,128,G,20000626,33,102338,5.0,,Yevgeny Kafelnikov,R,190.0,RUS,26.3518138261,5.0,3016.0,103819,,,Roger Federer,R,185.0,SUI,18.8829568789,35.0,914.0,7-5 7-5 7-6(6),5,R128,128.0,13.0,9.0,122.0,73.0,55.0,23.0,18.0,5.0,8.0,10.0,2.0,115.0,67.0,43.0,28.0,18.0,2.0,7.0
2000-520,Roland Garros,Clay,128,G,20000529,50,103819,,,Roger Federer,R,185.0,SUI,18.8062970568,54.0,735.0,101885,,,Wayne Arthurs,L,190.0,AUS,29.1991786448,106.0,386.0,7-6(4) 6-3 1-6 6-3,5,R128,147.0,5.0,4.0,135.0,80.0,59.0,31.0,19.0,11.0,13.0,16.0,7.0,119.0,57.0,49.0,31.0,18.0,7.0,9.0
2000-520,Roland Garros,Clay,128,G,20000529,89,103819,,,Roger Federer,R,185.0,SUI,18.8062970568,54.0,735.0,102998,,,Jan Michael Gambill,R,190.0,USA,22.9869952088,69.0,626.0,7-6(5) 6-3 6-3,5,R64,132.0,8.0,3.0,124.0,80.0,56.0,25.0,15.0,9.0,10.0,6.0,3.0,98.0,63.0,41.0,17.0,15.0,2.0,6.0
2000-520,Roland Garros,Clay,128,G,20000529,109,103819,,,Roger Federer,R,185.0,SUI,18.8062970568,54.0,735.0,103356,,Q,Michel Kratochvil,R,185.0,SUI,21.144421629,120.0,335.0,7-6(5) 6-4 2-6 6-7(4) 8-6,5,R32,265.0,14.0,7.0,179.0,101.0,75.0,40.0,28.0,10.0,16.0,6.0,15.0,212.0,101.0,67.0,60.0,28.0,17.0,23.0
2000-520,Roland Garros,Clay,128,G,20000529,119,102374,10.0,,Alex Corretja,R,180.0,ESP,26.1327857632,10.0,1776.0,103819,,,Roger Federer,R,185.0,SUI,18.8062970568,54.0,735.0,7-5 7-6(7) 6-2,5,R16,156.0,5.0,3.0,107.0,52.0,45.0,28.0,16.0,3.0,5.0,9.0,6.0,126.0,74.0,53.0,18.0,16.0,9.0,14.0
2001-580,Australian Open,Hard,128,G,20010115,6,103819,,,Roger Federer,R,185.0,SUI,19.4387405886,29.0,1080.0,103324,,,Arnaud Di Pasquale,R,185.0,FRA,21.9274469541,61.0,670.0,6-4 4-6 6-1 7-5,5,R128,132.0,6.0,0.0,120.0,81.0,52.0,25.0,19.0,5.0,8.0,1.0,2.0,124.0,78.0,48.0,23.0,20.0,4.0,10.0
2001-580,Australian Open,Hard,128,G,20010115,67,103819,,,Roger Federer,R,185.0,SUI,19.4387405886,29.0,1080.0,102765,,,Nicolas Escude,R,185.0,FRA,24.7857631759,46.0,840.0,6-1 6-4 6-4,5,R64,105.0,12.0,6.0,104.0,65.0,47.0,21.0,13.0,5.0,6.0,0.0,2.0,80.0,47.0,27.0,20.0,14.0,2.0,7.0
2001-580,Australian Open,Hard,128,G,20010115,98,103096,15.0,,Arnaud Clement,R,173.0,FRA,23.0800821355,18.0,1360.0,103819,,,Roger Federer,R,185.0,SUI,19.4387405886,29.0,1080.0,7-6(5) 6-4 6-4,5,R32,128.0,3.0,4.0,101.0,61.0,44.0,24.0,16.0,5.0,8.0,13.0,10.0,118.0,74.0,48.0,18.0,16.0,6.0,11.0
2001-560,US Open,Hard,128,G,20010827,57,103819,13.0,,Roger Federer,R,185.0,SUI,20.052019165,13.0,1815.0,102694,,,Lars Burgsmuller,R,183.0,GER,25.7248459959,72.0,572.0,6-4 6-4 6-4,5,R128,123.0,13.0,6.0,110.0,68.0,48.0,25.0,15.0,10.0,10.0,2.0,4.0,93.0,48.0,32.0,27.0,15.0,7.0,10.0
2001-560,US Open,Hard,128,G,20010827,93,103819,13.0,,Roger Federer,R,185.0,SUI,20.052019165,13.0,1815.0,104068,,WC,Robby Ginepri,R,183.0,USA,18.8884325804,327.0,92.0,6-2 7-5 6-1,5,R64,85.0,16.0,2.0,83.0,55.0,44.0,16.0,14.0,5.0,5.0,1.0,8.0,89.0,46.0,29.0,18.0,13.0,4.0,10.0
2001-560,US Open,Hard,128,G,20010827,111,103819,13.0,,Roger Federer,R,185.0,SUI,20.052019165,13.0,1815.0,102854,24.0,,Sjeng Schalken,R,193.0,NED,24.9664613279,24.0,1253.0,6-4 7-5 7-6(3),5,R32,118.0,11.0,7.0,93.0,54.0,47.0,21.0,17.0,1.0,3.0,4.0,3.0,110.0,68.0,45.0,19.0,17.0,2.0,6.0
2001-560,US Open,Hard,128,G,20010827,120,101736,2.0,,Andre Agassi,R,180.0,USA,31.3292265572,2.0,3870.0,103819,13.0,,Roger Federer,R,185.0,SUI,20.052019165,13.0,1815.0,6-1 6-2 6-4,5,R16,83.0,6.0,1.0,80.0,53.0,38.0,19.0,12.0,9.0,9.0,1.0,2.0,59.0,28.0,17.0,15.0,13.0,1.0,6.0
2001-520,Roland Garros,Clay,128,G,20010528,53,103819,,,Roger Federer,R,185.0,SUI,19.8028747433,18.0,1480.0,102999,,Q,Stefano Galvani,R,178.0,ITA,23.9835728953,239.0,147.0,6-3 6-3 6-3,5,R128,104.0,10.0,5.0,84.0,44.0,33.0,23.0,14.0,11.0,13.0,0.0,12.0,99.0,44.0,25.0,24.0,13.0,13.0,20.0
2001-520,Roland Garros,Clay,128,G,20010528,91,103819,,,Roger Federer,R,185.0,SUI,19.8028747433,18.0,1480.0,102227,,,Sargis Sargsian,R,180.0,ARM,27.9835728953,115.0,361.0,4-6 3-6 6-2 6-4 9-7,5,R64,197.0,9.0,2.0,147.0,97.0,70.0,30.0,26.0,7.0,10.0,2.0,5.0,169.0,104.0,67.0,39.0,27.0,5.0,10.0
2001-520,Roland Garros,Clay,128,G,20010528,110,103819,,,Roger Federer,R,185.0,SUI,19.8028747433,18.0,1480.0,103176,,,David Sanchez,R,183.0,ESP,23.1047227926,89.0,482.0,6-4 6-3 1-6 6-3,5,R32,139.0,4.0,3.0,112.0,72.0,54.0,16.0,17.0,14.0,18.0,2.0,4.0,115.0,70.0,41.0,26.0,18.0,10.0,15.0
2001-520,Roland Garros,Clay,128,G,20010528,119,103819,,,Roger Federer,R,185.0,SUI,19.8028747433,18.0,1480.0,101885,,,Wayne Arthurs,L,190.0,AUS,30.1957563313,59.0,693.0,3-6 6-3 6-4 6-2,5,R16,147.0,5.0,3.0,106.0,57.0,45.0,29.0,18.0,3.0,5.0,12.0,9.0,147.0,74.0,53.0,30.0,18.0,19.0,24.0
2001-520,Roland Garros,Clay,128,G,20010528,124,102374,13.0,,Alex Corretja,R,180.0,ESP,27.1293634497,13.0,1825.0,103819,,,Roger Federer,R,185.0,SUI,19.8028747433,18.0,1480.0,7-5 6-4 7-5,5,QF,161.0,1.0,4.0,127.0,82.0,50.0,23.0,17.0,12.0,16.0,2.0,5.0,104.0,69.0,42.0,15.0,17.0,10.0,17.0
2001-540,Wimbledon,Grass,128,G,20010625,8,103819,15.0,,Roger Federer,R,185.0,SUI,19.8795345654,15.0,1580.0,103294,,,Christophe Rochus,R,170.0,BEL,22.5270362765,83.0,528.0,6-2 6-3 6-2,5,R128,66.0,18.0,0.0,65.0,50.0,42.0,9.0,13.0,1.0,2.0,0.0,3.0,72.0,35.0,19.0,17.0,12.0,2.0,8.0
2001-540,Wimbledon,Grass,128,G,20010625,68,103819,15.0,,Roger Federer,R,185.0,SUI,19.8795345654,15.0,1580.0,103598,,,Xavier Malisse,R,185.0,BEL,20.9336071184,53.0,737.0,6-3 7-5 3-6 4-6 6-3,5,R64,149.0,10.0,1.0,172.0,113.0,75.0,32.0,25.0,22.0,26.0,8.0,4.0,122.0,79.0,60.0,27.0,24.0,3.0,8.0
2001-540,Wimbledon,Grass,128,G,20010625,98,103819,15.0,,Roger Federer,R,185.0,SUI,19.8795345654,15.0,1580.0,102035,33.0,,Jonas Bjorkman,R,183.0,SWE,29.2566735113,41.0,875.0,7-6(4) 6-3 7-6(2),5,R32,141.0,9.0,4.0,130.0,81.0,59.0,28.0,17.0,10.0,11.0,7.0,8.0,125.0,85.0,60.0,17.0,16.0,6.0,8.0
2001-540,Wimbledon,Grass,128,G,20010625,113,103819,15.0,,Roger Federer,R,185.0,SUI,19.8795345654,15.0,1580.0,101948,1.0,,Pete Sampras,R,185.0,USA,29.8699520876,6.0,2790.0,7-6(7) 5-7 6-4 6-7(2) 7-5,5,R16,221.0,25.0,6.0,181.0,113.0,93.0,35.0,29.0,9.0,11.0,26.0,9.0,189.0,132.0,101.0,26.0,29.0,11.0,14.0
2001-540,Wimbledon,Grass,128,G,20010625,121,102450,6.0,,Tim Henman,R,185.0,GBR,26.8008213552,11.0,1995.0,103819,15.0,,Roger Federer,R,185.0,SUI,19.8795345654,15.0,1580.0,7-5 7-6(6) 2-6 7-6(6),5,QF,193.0,7.0,6.0,140.0,89.0,69.0,25.0,22.0,8.0,12.0,12.0,2.0,150.0,91.0,69.0,29.0,22.0,6.0,9.0
2002-540,Wimbledon,Grass,128,G,20020624,16,104339,,Q,Mario Ancic,R,196.0,CRO,18.2340862423,154.0,244.0,103819,7.0,,Roger Federer,R,185.0,SUI,20.8761122519,9.0,2160.0,6-3 7-6(2) 6-3,5,R128,100.0,5.0,3.0,96.0,51.0,45.0,25.0,16.0,5.0,6.0,1.0,8.0,86.0,47.0,36.0,18.0,14.0,3.0,6.0
2002-580,Australian Open,Hard,128,G,20020114,9,103819,11.0,,Roger Federer,R,185.0,SUI,20.4353182752,12.0,1845.0,102021,,,Michael Chang,R,175.0,USA,29.8945927447,94.0,445.0,6-4 6-4 6-3,5,R128,126.0,9.0,4.0,86.0,57.0,49.0,11.0,15.0,3.0,4.0,2.0,0.0,104.0,58.0,38.0,20.0,14.0,7.0,12.0
2002-580,Australian Open,Hard,128,G,20020114,69,103819,11.0,,Roger Federer,R,185.0,SUI,20.4353182752,12.0,1845.0,102722,,,Attila Savolt,R,183.0,HUN,25.9411362081,93.0,447.0,6-2 7-5 6-4,5,R64,124.0,10.0,0.0,86.0,60.0,48.0,15.0,15.0,4.0,5.0,8.0,5.0,110.0,62.0,47.0,15.0,15.0,8.0,13.0
2002-580,Australian Open,Hard,128,G,20020114,99,103819,11.0,,Roger Federer,R,185.0,SUI,20.4353182752,12.0,1845.0,102783,,,Rainer Schuettler,R,180.0,GER,25.7221081451,41.0,955.0,7-6(6) 7-6(5) 6-4,5,R32,137.0,7.0,1.0,105.0,66.0,50.0,24.0,17.0,0.0,2.0,3.0,4.0,120.0,69.0,49.0,25.0,17.0,4.0,7.0
2002-580,Australian Open,Hard,128,G,20020114,114,103163,7.0,,Tommy Haas,R,188.0,GER,23.7837097878,9.0,2150.0,103819,11.0,,Roger Federer,R,185.0,SUI,20.4353182752,12.0,1845.0,7-6(3) 4-6 3-6 6-4 8-6,5,R16,215.0,11.0,4.0,172.0,90.0,66.0,49.0,27.0,6.0,10.0,25.0,6.0,175.0,106.0,79.0,35.0,28.0,11.0,14.0
2002-520,Roland Garros,Clay,128,G,20020527,33,102271,,,Hicham Arazi,L,175.0,MAR,28.6023271732,45.0,790.0,103819,8.0,,Roger Federer,R,185.0,SUI,20.7994524298,8.0,2380.0,6-3 6-2 6-4,5,R128,95.0,1.0,0.0,80.0,48.0,33.0,20.0,14.0,5.0,7.0,5.0,4.0,85.0,43.0,29.0,15.0,13.0,8.0,14.0
2002-560,US Open,Hard,128,G,20020826,24,103819,13.0,,Roger Federer,R,185.0,SUI,21.0485968515,13.0,1925.0,103181,,,Jiri Vanek,R,185.0,CZE,24.3394934976,157.0,249.0,6-1 6-3 4-6 7-5,5,R128,126.0,8.0,7.0,105.0,58.0,44.0,28.0,19.0,0.0,3.0,5.0,1.0,116.0,59.0,37.0,29.0,19.0,8.0,15.0
2002-560,US Open,Hard,128,G,20020826,76,103819,13.0,,Roger Federer,R,185.0,SUI,21.0485968515,13.0,1925.0,102021,,,Michael Chang,R,175.0,USA,30.507871321,132.0,314.0,6-3 6-1 6-3,5,R64,95.0,12.0,7.0,81.0,55.0,43.0,12.0,13.0,4.0,5.0,2.0,5.0,81.0,46.0,28.0,13.0,12.0,3.0,9.0
2002-560,US Open,Hard,128,G,20020826,102,103819,13.0,,Roger Federer,R,185.0,SUI,21.0485968515,13.0,1925.0,103598,19.0,,Xavier Malisse,R,185.0,BEL,22.1026694045,19.0,1410.0,4-6 6-3 6-4 6-4,5,R32,133.0,8.0,4.0,112.0,62.0,48.0,29.0,20.0,3.0,6.0,4.0,6.0,119.0,65.0,44.0,30.0,19.0,8.0,13.0
2002-560,US Open,Hard,128,G,20020826,115,103018,32.0,,Max Mirnyi,R,196.0,BLR,25.1389459274,34.0,1035.0,103819,13.0,,Roger Federer,R,185.0,SUI,21.0485968515,13.0,1925.0,6-3 7-6(5) 6-4,5,R16,112.0,11.0,5.0,101.0,67.0,56.0,20.0,16.0,5.0,5.0,4.0,4.0,93.0,48.0,35.0,28.0,15.0,5.0,7.0
2003-520,Roland Garros,Clay,128,G,20030526,33,103632,,,Luis Horna,R,180.0,PER,22.6940451745,88.0,465.0,103819,5.0,,Roger Federer,R,185.0,SUI,21.7960301164,5.0,2465.0,7-6(6) 6-2 7-6(3),5,R128,131.0,4.0,2.0,111.0,86.0,60.0,15.0,16.0,4.0,6.0,10.0,4.0,103.0,59.0,45.0,18.0,16.0,4.0,8.0
2003-560,US Open,Hard,128,G,20030825,64,103819,2.0,,Roger Federer,R,185.0,SUI,22.045174538,2.0,3825.0,104076,,,Jose Acasuso,R,190.0,ARG,20.8459958932,75.0,507.0,5-7 6-3 6-3 2-0 RET,5,R128,126.0,15.0,3.0,76.0,55.0,47.0,14.0,16.0,2.0,4.0,9.0,3.0,129.0,75.0,48.0,25.0,16.0,12.0,17.0
2003-560,US Open,Hard,128,G,20030825,96,103819,2.0,,Roger Federer,R,185.0,SUI,22.045174538,2.0,3825.0,103444,,,Jean Rene Lisnard,R,173.0,MON,23.9151266256,94.0,405.0,6-1 6-2 6-0,5,R64,77.0,5.0,2.0,61.0,41.0,34.0,12.0,11.0,1.0,1.0,0.0,8.0,76.0,33.0,16.0,18.0,10.0,7.0,14.0
2003-560,US Open,Hard,128,G,20030825,112,103819,2.0,,Roger Federer,R,185.0,SUI,22.045174538,2.0,3825.0,103484,,,James Blake,R,185.0,USA,23.6577686516,35.0,995.0,6-3 7-6(4) 6-3,5,R32,119.0,10.0,3.0,101.0,62.0,47.0,25.0,16.0,3.0,4.0,5.0,6.0,128.0,78.0,53.0,23.0,14.0,20.0,23.0
2003-560,US Open,Hard,128,G,20030825,120,103900,13.0,,David Nalbandian,R,180.0,ARG,21.6454483231,13.0,1700.0,103819,2.0,,Roger Federer,R,185.0,SUI,22.045174538,2.0,3825.0,3-6 7-6(1) 6-4 6-3,5,R16,172.0,3.0,4.0,112.0,67.0,45.0,28.0,19.0,5.0,9.0,16.0,4.0,143.0,78.0,52.0,28.0,21.0,10.0,16.0
2003-580,Australian Open,Hard,128,G,20030113,32,103819,6.0,,Roger Federer,R,185.0,SUI,21.4318959617,6.0,2475.0,103581,,,Flavio Saretta,R,183.0,BRA,22.5434633812,83.0,483.0,7-6(4) 7-5 6-3,5,R128,168.0,8.0,8.0,126.0,70.0,48.0,28.0,16.0,9.0,12.0,3.0,2.0,139.0,67.0,47.0,29.0,17.0,11.0,17.0
2003-580,Australian Open,Hard,128,G,20030113,80,103819,6.0,,Roger Federer,R,185.0,SUI,21.4318959617,6.0,2475.0,102694,,,Lars Burgsmuller,R,183.0,GER,27.1047227926,76.0,525.0,6-3 6-0 6-3,5,R64,104.0,3.0,4.0,72.0,32.0,24.0,25.0,12.0,0.0,1.0,1.0,6.0,87.0,46.0,21.0,21.0,12.0,3.0,10.0
2003-580,Australian Open,Hard,128,G,20030113,104,103819,6.0,,Roger Federer,R,185.0,SUI,21.4318959617,6.0,2475.0,103714,,Q,Andreas Vinciguerra,L,180.0,SWE,21.8973305955,145.0,264.0,6-3 6-4 6-2,5,R32,96.0,9.0,0.0,72.0,45.0,37.0,18.0,14.0,2.0,3.0,4.0,6.0,95.0,54.0,35.0,16.0,13.0,5.0,10.0
2003-580,Australian Open,Hard,128,G,20030113,116,103900,10.0,,David Nalbandian,R,180.0,ARG,21.0321697467,12.0,1740.0,103819,6.0,,Roger Federer,R,185.0,SUI,21.4318959617,6.0,2475.0,6-4 3-6 6-1 1-6 6-3,5,R16,178.0,3.0,2.0,133.0,79.0,50.0,30.0,21.0,10.0,17.0,9.0,9.0,148.0,77.0,58.0,26.0,21.0,9.0,17.0
2003-540,Wimbledon,Grass,128,G,20030623,17,103819,4.0,,Roger Federer,R,185.0,SUI,21.8726899384,5.0,2580.0,102703,,,Hyung Taik Lee,R,180.0,KOR,27.4688569473,55.0,686.0,6-3 6-3 7-6(2),5,R128,105.0,15.0,3.0,99.0,64.0,48.0,19.0,15.0,7.0,9.0,2.0,4.0,97.0,67.0,43.0,11.0,15.0,6.0,11.0
2003-540,Wimbledon,Grass,128,G,20030623,73,103819,4.0,,Roger Federer,R,185.0,SUI,21.8726899384,5.0,2580.0,102905,,,Stefan Koubek,L,175.0,AUT,26.46954141,70.0,605.0,7-5 6-1 6-1,5,R64,77.0,6.0,3.0,73.0,44.0,35.0,16.0,13.0,2.0,3.0,0.0,3.0,75.0,45.0,20.0,15.0,13.0,5.0,12.0
2003-540,Wimbledon,Grass,128,G,20030623,101,103819,4.0,,Roger Federer,R,185.0,SUI,21.8726899384,5.0,2580.0,103888,,,Mardy Fish,R,188.0,USA,21.5359342916,45.0,840.0,6-3 6-1 4-6 6-1,5,R32,120.0,13.0,4.0,110.0,59.0,43.0,31.0,17.0,5.0,6.0,9.0,6.0,102.0,56.0,38.0,19.0,16.0,6.0,12.0
2003-540,Wimbledon,Grass,128,G,20030623,115,103819,4.0,,Roger Federer,R,185.0,SUI,21.8726899384,5.0,2580.0,103852,,,Feliciano Lopez,L,188.0,ESP,21.7549623546,52.0,723.0,7-6(5) 6-4 6-4,5,R16,126.0,9.0,2.0,104.0,69.0,48.0,17.0,16.0,3.0,6.0,13.0,3.0,127.0,80.0,51.0,24.0,16.0,13.0,18.0
2003-540,Wimbledon,Grass,128,G,20030623,122,103819,4.0,,Roger Federer,R,185.0,SUI,21.8726899384,5.0,2580.0,102854,8.0,,Sjeng Schalken,R,193.0,NED,26.7871321013,12.0,1715.0,6-3 6-4 6-4,5,QF,98.0,13.0,5.0,92.0,62.0,50.0,15.0,15.0,3.0,4.0,1.0,2.0,102.0,74.0,45.0,12.0,14.0,7.0,11.0
2003-540,Wimbledon,Grass,128,G,20030623,125,103819,4.0,,Roger Federer,R,185.0,SUI,21.8726899384,5.0,2580.0,104053,5.0,,Andy Roddick,R,188.0,USA,20.8131416838,6.0,2390.0,7-6(6) 6-3 6-3,5,SF,103.0,17.0,0.0,84.0,51.0,42.0,25.0,15.0,2.0,2.0,4.0,0.0,99.0,57.0,42.0,21.0,15.0,5.0,8.0
2003-540,Wimbledon,Grass,128,G,20030623,127,103819,4.0,,Roger Federer,R,185.0,SUI,21.8726899384,5.0,2580.0,102882,,,Mark Philippoussis,R,196.0,AUS,26.6228610541,48.0,735.0,7-6(5) 6-2 7-6(3),5,F,116.0,21.0,2.0,93.0,53.0,47.0,27.0,16.0,0.0,0.0,14.0,4.0,102.0,70.0,54.0,14.0,16.0,3.0,5.0
2004-560,US Open,Hard,128,G,20040830,1,103819,1.0,,Roger Federer,R,185.0,SUI,23.06091718,1.0,5910.0,102610,,,Albert Costa,R,180.0,ESP,29.18275154,44.0,785.0,7-5 6-2 6-4,5,R128,120.0,11.0,5.0,73.0,49.0,39.0,11.0,15.0,0.0,3.0,1.0,3.0,109.0,64.0,36.0,19.0,15.0,12.0,19.0
2004-560,US Open,Hard,128,G,20040830,65,103819,1.0,,Roger Federer,R,185.0,SUI,23.06091718,1.0,5910.0,104571,,Q,Marcos Baghdatis,R,183.0,CYP,19.2032854209,240.0,153.0,6-2 6-7(4) 6-3 6-1,5,R64,124.0,8.0,5.0,104.0,61.0,50.0,25.0,18.0,2.0,4.0,5.0,8.0,117.0,64.0,41.0,21.0,18.0,2.0,10.0
2004-560,US Open,Hard,128,G,20040830,97,103819,1.0,,Roger Federer,R,185.0,SUI,23.06091718,1.0,5910.0,102148,31.0,,Fabrice Santoro,R,178.0,FRA,31.7234770705,34.0,917.0,6-0 6-4 7-6(7),5,R32,123.0,10.0,2.0,96.0,59.0,46.0,21.0,14.0,1.0,1.0,2.0,2.0,95.0,56.0,36.0,20.0,14.0,4.0,8.0
2004-560,US Open,Hard,128,G,20040830,113,103819,1.0,,Roger Federer,R,185.0,SUI,23.06091718,1.0,5910.0,102318,16.0,,Andrei Pavel,R,183.0,ROU,30.5900068446,18.0,1310.0,W/O,5,R16,,,,,,,,,,,,,,,,,,,
2004-560,US Open,Hard,128,G,20040830,121,103819,1.0,,Roger Federer,R,185.0,SUI,23.06091718,1.0,5910.0,101736,6.0,,Andre Agassi,R,180.0,USA,34.3381245722,7.0,2340.0,6-3 2-6 7-5 3-6 6-3,5,QF,180.0,16.0,9.0,158.0,101.0,75.0,27.0,24.0,6.0,9.0,4.0,4.0,142.0,97.0,69.0,27.0,23.0,7.0,10.0
2004-560,US Open,Hard,128,G,20040830,125,103819,1.0,,Roger Federer,R,185.0,SUI,23.06091718,1.0,5910.0,102450,5.0,,Tim Henman,R,185.0,GBR,29.9822039699,6.0,2380.0,6-3 6-4 6-4,5,SF,104.0,7.0,2.0,84.0,53.0,40.0,20.0,15.0,2.0,4.0,4.0,1.0,74.0,45.0,28.0,18.0,14.0,2.0,7.0
2004-560,US Open,Hard,128,G,20040830,127,103819,1.0,,Roger Federer,R,185.0,SUI,23.06091718,1.0,5910.0,103720,4.0,,Lleyton Hewitt,R,180.0,AUS,23.5126625599,5.0,2605.0,6-0 7-6(3) 6-0,5,F,109.0,11.0,1.0,89.0,49.0,38.0,22.0,12.0,5.0,6.0,1.0,4.0,75.0,41.0,23.0,12.0,12.0,6.0,13.0
2004-520,Roland Garros,Clay,128,G,20040524,1,103819,1.0,,Roger Federer,R,185.0,SUI,22.7926078029,1.0,5540.0,104019,,LL,Kristof Vliegen,R,193.0,BEL,21.9219712526,110.0,370.0,6-1 6-2 6-1,5,R128,76.0,4.0,1.0,54.0,33.0,29.0,15.0,11.0,0.0,0.0,0.0,5.0,74.0,46.0,24.0,11.0,11.0,7.0,14.0
2004-520,Roland Garros,Clay,128,G,20040524,65,103819,1.0,,Roger Federer,R,185.0,SUI,22.7926078029,1.0,5540.0,103017,,,Nicolas Kiefer,R,183.0,GER,26.8856947296,34.0,1005.0,6-3 6-4 7-6(6),5,R64,151.0,5.0,12.0,126.0,67.0,53.0,23.0,15.0,12.0,15.0,2.0,6.0,109.0,56.0,39.0,21.0,16.0,7.0,13.0
2004-520,Roland Garros,Clay,128,G,20040524,97,102856,28.0,,Gustavo Kuerten,R,190.0,BRA,27.7015742642,30.0,1065.0,103819,1.0,,Roger Federer,R,185.0,SUI,22.7926078029,1.0,5540.0,6-4 6-4 6-4,5,R32,124.0,6.0,0.0,91.0,47.0,33.0,29.0,15.0,1.0,2.0,10.0,2.0,95.0,60.0,41.0,17.0,15.0,8.0,12.0
2004-580,Australian Open,Hard,128,G,20040119,64,103819,2.0,,Roger Federer,R,185.0,SUI,22.4476386037,2.0,4375.0,104166,,Q,Alex Bogomolov Jr,R,178.0,RUS,20.7419575633,117.0,357.0,6-3 6-4 6-0,5,R128,89.0,13.0,3.0,68.0,41.0,33.0,20.0,13.0,0.0,0.0,0.0,3.0,81.0,54.0,35.0,9.0,12.0,4.0,9.0
2004-580,Australian Open,Hard,128,G,20040119,96,103819,2.0,,Roger Federer,R,185.0,SUI,22.4476386037,2.0,4375.0,103319,,Q,Jeff Morrison,R,185.0,USA,24.9555099247,156.0,247.0,6-2 6-3 6-4,5,R64,94.0,5.0,2.0,84.0,52.0,40.0,21.0,14.0,4.0,4.0,8.0,0.0,93.0,55.0,37.0,17.0,13.0,7.0,11.0
2004-580,Australian Open,Hard,128,G,20040119,112,103819,2.0,,Roger Federer,R,185.0,SUI,22.4476386037,2.0,4375.0,104379,,WC,Todd Reid,R,180.0,AUS,19.627652293,148.0,253.0,6-3 6-0 6-1,5,R32,74.0,5.0,3.0,57.0,31.0,23.0,17.0,11.0,0.0,1.0,1.0,3.0,71.0,41.0,18.0,10.0,11.0,6.0,14.0
2004-580,Australian Open,Hard,128,G,20040119,120,103819,2.0,,Roger Federer,R,185.0,SUI,22.4476386037,2.0,4375.0,103720,15.0,,Lleyton Hewitt,R,180.0,AUS,22.8993839836,11.0,1625.0,4-6 6-3 6-0 6-4,5,R16,138.0,14.0,4.0,117.0,69.0,51.0,27.0,18.0,6.0,7.0,5.0,5.0,113.0,74.0,49.0,19.0,17.0,8.0,13.0
2004-580,Australian Open,Hard,128,G,20040119,124,103819,2.0,,Roger Federer,R,185.0,SUI,22.4476386037,2.0,4375.0,103900,8.0,,David Nalbandian,R,180.0,ARG,22.0479123888,8.0,2060.0,7-5 6-4 5-7 6-3,5,QF,161.0,20.0,3.0,127.0,76.0,63.0,22.0,22.0,8.0,11.0,5.0,2.0,117.0,76.0,52.0,25.0,21.0,7.0,12.0
2004-580,Australian Open,Hard,128,G,20040119,126,103819,2.0,,Roger Federer,R,185.0,SUI,22.4476386037,2.0,4375.0,103507,3.0,,Juan Carlos Ferrero,R,183.0,ESP,23.9342915811,3.0,4145.0,6-4 6-1 6-4,5,SF,89.0,11.0,1.0,83.0,60.0,50.0,10.0,14.0,4.0,4.0,6.0,0.0,71.0,41.0,27.0,16.0,13.0,2.0,6.0
2004-580,Australian Open,Hard,128,G,20040119,127,103819,2.0,,Roger Federer,R,185.0,SUI,22.4476386037,2.0,4375.0,103498,,,Marat Safin,R,193.0,RUS,23.9780971937,86.0,430.0,7-6(3) 6-4 6-2,5,F,135.0,8.0,2.0,90.0,48.0,36.0,25.0,15.0,1.0,3.0,3.0,5.0,116.0,57.0,36.0,28.0,15.0,13.0,18.0
2004-540,Wimbledon,Grass,128,G,20040621,1,103819,1.0,,Roger Federer,R,185.0,SUI,22.8692676249,1.0,5610.0,104372,,WC,Alex Bogdanovic,L,183.0,GBR,20.0821355236,295.0,112.0,6-3 6-3 6-0,5,R128,80.0,6.0,4.0,64.0,43.0,37.0,14.0,12.0,2.0,2.0,3.0,2.0,86.0,64.0,37.0,8.0,12.0,6.0,12.0
2004-540,Wimbledon,Grass,128,G,20040621,65,103819,1.0,,Roger Federer,R,185.0,SUI,22.8692676249,1.0,5610.0,104268,,Q,Alejandro Falla,L,185.0,COL,20.6023271732,138.0,303.0,6-1 6-2 6-0,5,R64,54.0,6.0,1.0,57.0,43.0,36.0,9.0,11.0,0.0,0.0,2.0,1.0,52.0,31.0,15.0,7.0,10.0,1.0,8.0
2004-540,Wimbledon,Grass,128,G,20040621,97,103819,1.0,,Roger Federer,R,185.0,SUI,22.8692676249,1.0,5610.0,102563,,,Thomas Johansson,R,180.0,SWE,29.2457221081,123.0,335.0,6-3 6-4 6-3,5,R32,98.0,11.0,2.0,80.0,53.0,42.0,18.0,14.0,2.0,2.0,4.0,0.0,90.0,49.0,37.0,17.0,14.0,7.0,11.0
2004-540,Wimbledon,Grass,128,G,20040621,113,103819,1.0,,Roger Federer,R,185.0,SUI,22.8692676249,1.0,5610.0,103333,,,Ivo Karlovic,R,208.0,CRO,25.311430527,62.0,626.0,6-3 7-6(3) 7-6(5),5,R16,110.0,6.0,1.0,96.0,72.0,59.0,20.0,17.0,2.0,2.0,14.0,2.0,100.0,69.0,50.0,21.0,16.0,3.0,4.0
2004-540,Wimbledon,Grass,128,G,20040621,121,103819,1.0,,Roger Federer,R,185.0,SUI,22.8692676249,1.0,5610.0,103720,7.0,,Lleyton Hewitt,R,180.0,AUS,23.3210130048,10.0,1745.0,6-1 6-7(1) 6-0 6-4,5,QF,140.0,19.0,0.0,125.0,72.0,51.0,30.0,18.0,10.0,11.0,4.0,7.0,102.0,53.0,31.0,29.0,17.0,7.0,14.0
2004-540,Wimbledon,Grass,128,G,20040621,125,103819,1.0,,Roger Federer,R,185.0,SUI,22.8692676249,1.0,5610.0,103206,10.0,,Sebastien Grosjean,R,175.0,FRA,26.0643394935,13.0,1665.0,6-2 6-3 7-6(6),5,SF,120.0,6.0,3.0,91.0,54.0,41.0,20.0,14.0,1.0,2.0,2.0,2.0,106.0,62.0,39.0,17.0,15.0,6.0,11.0
2004-540,Wimbledon,Grass,128,G,20040621,127,103819,1.0,,Roger Federer,R,185.0,SUI,22.8692676249,1.0,5610.0,104053,2.0,,Andy Roddick,R,188.0,USA,21.8097193703,2.0,4695.0,4-6 7-5 7-6(3) 6-4,5,F,151.0,12.0,3.0,154.0,95.0,64.0,34.0,22.0,10.0,14.0,11.0,5.0,133.0,81.0,60.0,21.0,22.0,5.0,10.0
2005-520,Roland Garros,Clay,128,G,20050523,1,103819,1.0,,Roger Federer,R,185.0,SUI,23.7891854894,1.0,6605.0,104534,,Q,Dudi Sela,R,175.0,ISR,20.1341546886,264.0,143.0,6-1 6-4 6-0,5,R128,89.0,2.0,5.0,75.0,47.0,33.0,14.0,12.0,4.0,6.0,0.0,5.0,79.0,49.0,20.0,12.0,11.0,8.0,16.0
2005-520,Roland Garros,Clay,128,G,20050523,65,103819,1.0,,Roger Federer,R,185.0,SUI,23.7891854894,1.0,6605.0,104597,,,Nicolas Almagro,R,183.0,ESP,19.7535934292,76.0,506.0,6-3 7-6(0) 6-2,5,R64,107.0,6.0,3.0,88.0,53.0,43.0,22.0,15.0,1.0,2.0,7.0,6.0,91.0,54.0,38.0,14.0,14.0,6.0,10.0
2005-520,Roland Garros,Clay,128,G,20050523,97,103819,1.0,,Roger Federer,R,185.0,SUI,23.7891854894,1.0,6605.0,103602,25.0,,Fernando Gonzalez,R,183.0,CHI,24.8158795346,26.0,1200.0,7-6(9) 7-5 6-2,5,R32,130.0,11.0,1.0,96.0,63.0,49.0,22.0,16.0,1.0,3.0,1.0,6.0,112.0,60.0,41.0,26.0,16.0,3.0,8.0
2005-520,Roland Garros,Clay,128,G,20050523,113,103819,1.0,,Roger Federer,R,185.0,SUI,23.7891854894,1.0,6605.0,102845,14.0,,Carlos Moya,R,190.0,ESP,28.7364818617,15.0,1430.0,6-1 6-4 6-3,5,R16,102.0,2.0,2.0,77.0,44.0,30.0,22.0,13.0,1.0,2.0,0.0,3.0,95.0,63.0,35.0,15.0,13.0,12.0,18.0
2005-520,Roland Garros,Clay,128,G,20050523,121,103819,1.0,,Roger Federer,R,185.0,SUI,23.7891854894,1.0,6605.0,103812,,,Victor Hanescu,R,198.0,ROU,23.8384668036,90.0,455.0,6-2 7-6(3) 6-3,5,QF,124.0,7.0,7.0,92.0,43.0,35.0,28.0,15.0,1.0,3.0,2.0,3.0,110.0,78.0,46.0,14.0,14.0,11.0,16.0
2005-520,Roland Garros,Clay,128,G,20050523,125,104745,4.0,,Rafael Nadal,L,185.0,ESP,18.970568104,5.0,2600.0,103819,1.0,,Roger Federer,R,185.0,SUI,23.7891854894,1.0,6605.0,6-3 4-6 6-4 6-3,5,SF,167.0,2.0,4.0,120.0,88.0,54.0,16.0,19.0,6.0,12.0,3.0,5.0,119.0,74.0,47.0,17.0,19.0,4.0,13.0
2005-580,Australian Open,Hard,128,G,20050117,1,103819,1.0,,Roger Federer,R,185.0,SUI,23.4442162902,1.0,6525.0,102148,,,Fabrice Santoro,R,178.0,FRA,32.1067761807,49.0,793.0,6-1 6-1 6-2,5,R128,94.0,4.0,1.0,68.0,41.0,33.0,15.0,11.0,6.0,6.0,1.0,2.0,98.0,68.0,33.0,13.0,11.0,11.0,18.0
2005-580,Australian Open,Hard,128,G,20050117,65,103819,1.0,,Roger Federer,R,185.0,SUI,23.4442162902,1.0,6525.0,102863,,Q,Takao Suzuki,R,175.0,JPN,28.3258042437,203.0,203.0,6-3 6-4 6-4,5,R64,113.0,7.0,0.0,84.0,59.0,45.0,17.0,15.0,3.0,4.0,7.0,3.0,105.0,71.0,39.0,21.0,14.0,7.0,11.0
2005-580,Australian Open,Hard,128,G,20050117,97,103819,1.0,,Roger Federer,R,185.0,SUI,23.4442162902,1.0,6525.0,103813,,,Jarkko Nieminen,L,185.0,FIN,23.4880219028,87.0,459.0,6-3 5-2 RET,5,R32,57.0,2.0,1.0,49.0,35.0,23.0,8.0,8.0,3.0,5.0,1.0,3.0,56.0,36.0,16.0,9.0,8.0,2.0,7.0
2005-580,Australian Open,Hard,128,G,20050117,113,103819,1.0,,Roger Federer,R,185.0,SUI,23.4442162902,1.0,6525.0,104571,,Q,Marcos Baghdatis,R,183.0,CYP,19.5865845311,155.0,285.0,6-2 6-2 7-6(4),5,R16,103.0,9.0,0.0,78.0,47.0,40.0,20.0,14.0,0.0,1.0,4.0,1.0,96.0,51.0,30.0,25.0,14.0,3.0,8.0
2005-580,Australian Open,Hard,128,G,20050117,121,103819,1.0,,Roger Federer,R,185.0,SUI,23.4442162902,1.0,6525.0,101736,8.0,,Andre Agassi,R,180.0,USA,34.7214236824,8.0,2100.0,6-3 6-4 6-4,5,QF,99.0,22.0,4.0,99.0,65.0,50.0,21.0,15.0,4.0,4.0,1.0,2.0,79.0,44.0,33.0,18.0,14.0,3.0,6.0
2005-580,Australian Open,Hard,128,G,20050117,125,103498,4.0,,Marat Safin,R,193.0,RUS,24.9746748802,4.0,3060.0,103819,1.0,,Roger Federer,R,185.0,SUI,23.4442162902,1.0,6525.0,5-7 6-4 5-7 7-6(6) 9-7,5,SF,268.0,16.0,1.0,207.0,123.0,91.0,44.0,31.0,10.0,14.0,22.0,8.0,188.0,107.0,88.0,41.0,31.0,9.0,13.0
2005-540,Wimbledon,Grass,128,G,20050620,1,103819,1.0,,Roger Federer,R,185.0,SUI,23.8658453114,1.0,6980.0,103908,,,Paul Henri Mathieu,R,185.0,FRA,23.4360027379,58.0,649.0,6-4 6-2 6-4,5,R128,110.0,18.0,1.0,72.0,51.0,43.0,12.0,14.0,1.0,2.0,2.0,2.0,95.0,59.0,37.0,17.0,14.0,10.0,15.0
2005-540,Wimbledon,Grass,128,G,20050620,65,103819,1.0,,Roger Federer,R,185.0,SUI,23.8658453114,1.0,6980.0,104371,,,Ivo Minar,R,183.0,CZE,21.0814510609,99.0,402.0,6-4 6-4 6-1,5,R64,82.0,10.0,1.0,72.0,54.0,46.0,12.0,14.0,2.0,2.0,3.0,6.0,93.0,51.0,35.0,17.0,13.0,3.0,7.0
2005-540,Wimbledon,Grass,128,G,20050620,97,103819,1.0,,Roger Federer,R,185.0,SUI,23.8658453114,1.0,6980.0,103017,25.0,,Nicolas Kiefer,R,183.0,GER,27.9589322382,26.0,1230.0,6-2 6-7(5) 6-1 7-5,5,R32,155.0,14.0,4.0,115.0,81.0,58.0,22.0,20.0,2.0,4.0,5.0,2.0,108.0,56.0,44.0,19.0,19.0,2.0,9.0
2005-540,Wimbledon,Grass,128,G,20050620,113,103819,1.0,,Roger Federer,R,185.0,SUI,23.8658453114,1.0,6980.0,103507,23.0,,Juan Carlos Ferrero,R,183.0,ESP,25.3524982888,31.0,1075.0,6-3 6-4 7-6(6),5,R16,135.0,12.0,1.0,102.0,67.0,53.0,19.0,16.0,2.0,3.0,4.0,3.0,110.0,73.0,53.0,15.0,15.0,6.0,9.0
2005-540,Wimbledon,Grass,128,G,20050620,121,103819,1.0,,Roger Federer,R,185.0,SUI,23.8658453114,1.0,6980.0,103602,21.0,,Fernando Gonzalez,R,183.0,CHI,24.8925393566,24.0,1270.0,7-5 6-2 7-6(2),5,QF,111.0,9.0,0.0,89.0,53.0,41.0,26.0,16.0,2.0,3.0,5.0,4.0,98.0,65.0,42.0,18.0,16.0,2.0,6.0
2005-540,Wimbledon,Grass,128,G,20050620,125,103819,1.0,,Roger Federer,R,185.0,SUI,23.8658453114,1.0,6980.0,103720,3.0,,Lleyton Hewitt,R,180.0,AUS,24.3175906913,2.0,3640.0,6-3 6-4 7-6(4),5,SF,128.0,10.0,3.0,94.0,49.0,42.0,26.0,16.0,0.0,1.0,5.0,4.0,102.0,47.0,35.0,31.0,15.0,5.0,8.0
2005-540,Wimbledon,Grass,128,G,20050620,127,103819,1.0,,Roger Federer,R,185.0,SUI,23.8658453114,1.0,6980.0,104053,2.0,,Andy Roddick,R,188.0,USA,22.8062970568,4.0,3590.0,6-2 7-6(2) 6-4,5,F,101.0,12.0,0.0,79.0,49.0,40.0,22.0,15.0,1.0,2.0,7.0,1.0,96.0,68.0,46.0,11.0,15.0,5.0,9.0
2005-560,US Open,Hard,128,G,20050829,1,103819,1.0,,Roger Federer,R,185.0,SUI,24.0574948665,1.0,6975.0,104371,,,Ivo Minar,R,183.0,CZE,21.273100616,77.0,509.0,6-1 6-1 6-1,5,R128,63.0,11.0,2.0,63.0,45.0,38.0,9.0,11.0,1.0,1.0,3.0,3.0,59.0,35.0,19.0,6.0,10.0,3.0,10.0
2005-560,US Open,Hard,128,G,20050829,65,103819,1.0,,Roger Federer,R,185.0,SUI,24.0574948665,1.0,6975.0,102148,,,Fabrice Santoro,R,178.0,FRA,32.720054757,76.0,509.0,7-5 7-5 7-6(2),5,R64,137.0,9.0,3.0,111.0,76.0,61.0,18.0,18.0,4.0,6.0,5.0,0.0,120.0,78.0,48.0,24.0,18.0,6.0,10.0
2005-560,US Open,Hard,128,G,20050829,97,103819,1.0,,Roger Federer,R,185.0,SUI,24.0574948665,1.0,6975.0,103694,27.0,,Olivier Rochus,R,168.0,BEL,24.6105407255,29.0,1100.0,6-3 7-6(6) 6-2,5,R32,114.0,10.0,2.0,95.0,66.0,56.0,13.0,15.0,1.0,2.0,2.0,3.0,97.0,62.0,38.0,19.0,14.0,4.0,8.0
2005-560,US Open,Hard,128,G,20050829,113,103819,1.0,,Roger Federer,R,185.0,SUI,24.0574948665,1.0,6975.0,103017,,,Nicolas Kiefer,R,183.0,GER,28.1505817933,38.0,900.0,6-4 6-7(3) 6-3 6-4,5,R16,180.0,7.0,4.0,133.0,81.0,58.0,31.0,21.0,4.0,6.0,12.0,11.0,131.0,71.0,52.0,29.0,20.0,6.0,11.0
2005-560,US Open,Hard,128,G,20050829,121,103819,1.0,,Roger Federer,R,185.0,SUI,24.0574948665,1.0,6975.0,103900,11.0,,David Nalbandian,R,180.0,ARG,23.6577686516,11.0,1700.0,6-2 6-4 6-1,5,QF,99.0,11.0,0.0,74.0,40.0,32.0,18.0,13.0,3.0,5.0,0.0,6.0,75.0,42.0,23.0,11.0,12.0,4.0,11.0
2005-560,US Open,Hard,128,G,20050829,125,103819,1.0,,Roger Federer,R,185.0,SUI,24.0574948665,1.0,6975.0,103720,3.0,,Lleyton Hewitt,R,180.0,AUS,24.5092402464,4.0,3335.0,6-3 7-6(0) 4-6 6-3,5,SF,178.0,8.0,2.0,150.0,91.0,62.0,34.0,21.0,10.0,13.0,6.0,8.0,140.0,69.0,53.0,28.0,19.0,11.0,15.0
2005-560,US Open,Hard,128,G,20050829,127,103819,1.0,,Roger Federer,R,185.0,SUI,24.0574948665,1.0,6975.0,101736,7.0,,Andre Agassi,R,180.0,USA,35.3347022587,7.0,2190.0,6-3 2-6 7-6(1) 6-1,5,F,139.0,19.0,0.0,107.0,81.0,60.0,15.0,19.0,3.0,6.0,6.0,4.0,131.0,78.0,45.0,29.0,17.0,14.0,18.0
2006-520,Roland Garros,Clay,128,G,20060529,1,103819,1.0,,Roger Federer,R,185.0,SUI,24.8049281314,1.0,7010.0,103701,,Q,Diego Hartfield,R,185.0,ARG,25.3223819302,157.0,265.0,7-5 7-6(2) 6-2,5,R128,156.0,5.0,2.0,106.0,70.0,48.0,22.0,16.0,6.0,9.0,0.0,2.0,133.0,92.0,53.0,20.0,16.0,15.0,21.0
2006-520,Roland Garros,Clay,128,G,20060529,65,103819,1.0,,Roger Federer,R,185.0,SUI,24.8049281314,1.0,7010.0,104268,,LL,Alejandro Falla,L,185.0,COL,22.5379876797,139.0,309.0,6-1 6-4 6-3,5,R64,86.0,4.0,0.0,68.0,46.0,40.0,15.0,13.0,3.0,3.0,4.0,1.0,86.0,57.0,33.0,14.0,13.0,6.0,11.0
2006-520,Roland Garros,Clay,128,G,20060529,97,103819,1.0,,Roger Federer,R,185.0,SUI,24.8049281314,1.0,7010.0,103454,32.0,,Nicolas Massu,R,183.0,CHI,26.6338124572,35.0,885.0,6-1 6-2 6-7(4) 7-5,5,R32,155.0,6.0,3.0,114.0,70.0,52.0,29.0,20.0,5.0,7.0,4.0,5.0,119.0,77.0,51.0,18.0,19.0,5.0,12.0
2006-520,Roland Garros,Clay,128,G,20060529,113,103819,1.0,,Roger Federer,R,185.0,SUI,24.8049281314,1.0,7010.0,104607,20.0,,Tomas Berdych,R,196.0,CZE,20.6954140999,20.0,1390.0,6-3 6-2 6-3,5,R16,107.0,9.0,1.0,79.0,50.0,38.0,16.0,13.0,2.0,3.0,7.0,3.0,92.0,54.0,39.0,10.0,13.0,10.0,16.0
2006-520,Roland Garros,Clay,128,G,20060529,121,103819,1.0,,Roger Federer,R,185.0,SUI,24.8049281314,1.0,7010.0,104339,12.0,,Mario Ancic,R,196.0,CRO,22.1629021218,12.0,1710.0,6-4 6-3 6-4,5,QF,137.0,4.0,0.0,104.0,65.0,43.0,28.0,15.0,8.0,9.0,3.0,2.0,100.0,64.0,45.0,13.0,14.0,14.0,18.0
2006-520,Roland Garros,Clay,128,G,20060529,125,103819,1.0,,Roger Federer,R,185.0,SUI,24.8049281314,1.0,7010.0,103900,3.0,,David Nalbandian,R,180.0,ARG,24.4052019165,3.0,3065.0,3-6 6-4 5-2 RET,5,SF,98.0,4.0,1.0,72.0,41.0,32.0,15.0,13.0,2.0,5.0,1.0,5.0,74.0,49.0,28.0,17.0,13.0,4.0,8.0
2006-520,Roland Garros,Clay,128,G,20060529,127,104745,2.0,,Rafael Nadal,L,185.0,ESP,19.9863107461,2.0,4545.0,103819,1.0,,Roger Federer,R,185.0,SUI,24.8049281314,1.0,7010.0,1-6 6-1 6-4 7-6(4),5,F,182.0,3.0,0.0,111.0,85.0,59.0,17.0,18.0,7.0,10.0,8.0,1.0,119.0,72.0,49.0,25.0,18.0,8.0,12.0
2006-540,Wimbledon,Grass,128,G,20060626,1,103819,1.0,,Roger Federer,R,185.0,SUI,24.8815879535,1.0,7260.0,104755,,,Richard Gasquet,R,185.0,FRA,20.0219028063,50.0,760.0,6-3 6-2 6-2,5,R128,74.0,5.0,1.0,70.0,47.0,40.0,15.0,13.0,1.0,1.0,2.0,1.0,69.0,54.0,30.0,8.0,12.0,2.0,7.0
2006-540,Wimbledon,Grass,128,G,20060626,65,103819,1.0,,Roger Federer,R,185.0,SUI,24.8815879535,1.0,7260.0,102450,,,Tim Henman,R,185.0,GBR,31.8028747433,64.0,615.0,6-4 6-0 6-2,5,R64,85.0,6.0,0.0,71.0,44.0,35.0,17.0,12.0,2.0,2.0,0.0,3.0,61.0,38.0,21.0,8.0,12.0,2.0,8.0
2006-540,Wimbledon,Grass,128,G,20060626,97,103819,1.0,,Roger Federer,R,185.0,SUI,24.8815879535,1.0,7260.0,103917,,,Nicolas Mahut,R,190.0,FRA,24.4271047228,77.0,530.0,6-3 7-6(2) 6-4,5,R32,125.0,7.0,1.0,93.0,60.0,43.0,26.0,16.0,1.0,2.0,10.0,5.0,96.0,58.0,40.0,19.0,15.0,5.0,8.0
2006-540,Wimbledon,Grass,128,G,20060626,113,103819,1.0,,Roger Federer,R,185.0,SUI,24.8815879535,1.0,7260.0,104607,13.0,,Tomas Berdych,R,196.0,CZE,20.772073922,14.0,1635.0,6-3 6-3 6-4,5,R16,83.0,21.0,1.0,72.0,49.0,41.0,17.0,14.0,1.0,1.0,1.0,3.0,84.0,57.0,36.0,13.0,14.0,3.0,7.0
2006-540,Wimbledon,Grass,128,G,20060626,121,103819,1.0,,Roger Federer,R,185.0,SUI,24.8815879535,1.0,7260.0,104339,7.0,,Mario Ancic,R,196.0,CRO,22.2395619439,10.0,1885.0,6-4 6-4 6-4,5,QF,107.0,7.0,1.0,87.0,50.0,39.0,24.0,15.0,2.0,3.0,7.0,1.0,80.0,46.0,33.0,18.0,15.0,3.0,7.0
2006-540,Wimbledon,Grass,128,G,20060626,125,103819,1.0,,Roger Federer,R,185.0,SUI,24.8815879535,1.0,7260.0,102035,,,Jonas Bjorkman,R,183.0,SWE,34.2587268994,59.0,638.0,6-2 6-0 6-2,5,SF,77.0,9.0,0.0,59.0,43.0,36.0,10.0,11.0,0.0,0.0,3.0,2.0,64.0,39.0,20.0,10.0,11.0,2.0,9.0
2006-540,Wimbledon,Grass,128,G,20060626,127,103819,1.0,,Roger Federer,R,185.0,SUI,24.8815879535,1.0,7260.0,104745,2.0,,Rafael Nadal,L,185.0,ESP,20.0629705681,2.0,4545.0,6-0 7-6(5) 6-7(2) 6-3,5,F,178.0,13.0,1.0,119.0,83.0,64.0,20.0,20.0,1.0,3.0,9.0,3.0,127.0,94.0,64.0,14.0,19.0,4.0,10.0
2006-580,Australian Open,Hard,128,G,20060116,1,103819,1.0,,Roger Federer,R,185.0,SUI,24.4407939767,1.0,6725.0,104797,,WC,Denis Istomin,R,188.0,UZB,19.3593429158,195.0,198.0,6-2 6-3 6-2,5,R128,83.0,2.0,0.0,67.0,46.0,38.0,12.0,13.0,2.0,3.0,8.0,3.0,83.0,53.0,31.0,11.0,12.0,5.0,11.0
2006-580,Australian Open,Hard,128,G,20060116,65,103819,1.0,,Roger Federer,R,185.0,SUI,24.4407939767,1.0,6725.0,104252,,,Florian Mayer,R,190.0,GER,22.2833675565,69.0,544.0,6-1 6-4 6-0,5,R64,72.0,9.0,1.0,74.0,45.0,34.0,18.0,12.0,1.0,1.0,2.0,5.0,69.0,44.0,23.0,11.0,11.0,4.0,10.0
2006-580,Australian Open,Hard,128,G,20060116,97,103819,1.0,,Roger Federer,R,185.0,SUI,24.4407939767,1.0,6725.0,103018,30.0,,Max Mirnyi,R,196.0,BLR,28.5311430527,34.0,890.0,6-3 6-4 6-3,5,R32,109.0,6.0,2.0,70.0,47.0,37.0,20.0,14.0,1.0,1.0,5.0,6.0,108.0,72.0,50.0,11.0,14.0,11.0,15.0
2006-580,Australian Open,Hard,128,G,20060116,113,103819,1.0,,Roger Federer,R,185.0,SUI,24.4407939767,1.0,6725.0,103163,,,Tommy Haas,R,188.0,GER,27.7891854894,41.0,825.0,6-4 6-0 3-6 4-6 6-2,5,R16,178.0,10.0,1.0,132.0,77.0,60.0,29.0,21.0,7.0,9.0,5.0,0.0,138.0,89.0,56.0,28.0,22.0,5.0,11.0
2006-580,Australian Open,Hard,128,G,20060116,121,103819,1.0,,Roger Federer,R,185.0,SUI,24.4407939767,1.0,6725.0,103786,5.0,,Nikolay Davydenko,R,178.0,RUS,24.6242299795,5.0,2355.0,6-4 3-6 7-6(7) 7-6(5),5,QF,193.0,6.0,0.0,139.0,86.0,64.0,28.0,22.0,5.0,10.0,1.0,2.0,144.0,111.0,78.0,14.0,21.0,6.0,10.0
2006-580,Australian Open,Hard,128,G,20060116,125,103819,1.0,,Roger Federer,R,185.0,SUI,24.4407939767,1.0,6725.0,103017,21.0,,Nicolas Kiefer,R,183.0,GER,28.5338809035,25.0,1215.0,6-3 5-7 6-0 6-2,5,SF,160.0,7.0,5.0,106.0,70.0,50.0,24.0,18.0,3.0,4.0,14.0,7.0,122.0,62.0,44.0,23.0,17.0,13.0,19.0
2006-580,Australian Open,Hard,128,G,20060116,127,103819,1.0,,Roger Federer,R,185.0,SUI,24.4407939767,1.0,6725.0,104571,,,Marcos Baghdatis,R,183.0,CYP,20.5831622177,54.0,684.0,5-7 7-5 6-0 6-2,5,F,166.0,11.0,6.0,144.0,77.0,55.0,34.0,19.0,7.0,10.0,6.0,2.0,114.0,55.0,39.0,22.0,19.0,4.0,12.0
2006-560,US Open,Hard,128,G,20060828,1,103819,1.0,,Roger Federer,R,185.0,SUI,25.054072553,1.0,7295.0,104499,,,Jimmy Wang,R,178.0,TPE,21.5496235455,109.0,394.0,6-4 6-1 6-0,5,R128,99.0,7.0,1.0,64.0,39.0,35.0,11.0,11.0,0.0,1.0,3.0,6.0,104.0,50.0,27.0,20.0,12.0,10.0,18.0
2006-560,US Open,Hard,128,G,20060828,65,103819,1.0,,Roger Federer,R,185.0,SUI,25.054072553,1.0,7295.0,102450,,,Tim Henman,R,185.0,GBR,31.9753593429,62.0,640.0,6-3 6-4 7-5,5,R64,121.0,6.0,1.0,81.0,56.0,46.0,17.0,16.0,0.0,1.0,2.0,6.0,113.0,64.0,44.0,21.0,15.0,9.0,13.0
2006-560,US Open,Hard,128,G,20060828,97,103819,1.0,,Roger Federer,R,185.0,SUI,25.054072553,1.0,7295.0,102434,,,Vincent Spadea,R,183.0,USA,32.1095140315,84.0,490.0,6-3 6-3 6-0,5,R32,88.0,7.0,0.0,74.0,46.0,38.0,16.0,12.0,4.0,4.0,2.0,2.0,75.0,42.0,22.0,17.0,12.0,5.0,11.0
2006-560,US Open,Hard,128,G,20060828,113,103819,1.0,,Roger Federer,R,185.0,SUI,25.054072553,1.0,7295.0,102967,,,Marc Gicquel,R,188.0,FRA,29.4127310062,79.0,504.0,6-3 7-6(2) 6-3,5,R16,104.0,15.0,2.0,94.0,61.0,48.0,23.0,16.0,5.0,5.0,8.0,0.0,87.0,43.0,33.0,22.0,14.0,1.0,3.0
2006-560,US Open,Hard,128,G,20060828,121,103819,1.0,,Roger Federer,R,185.0,SUI,25.054072553,1.0,7295.0,103484,5.0,,James Blake,R,185.0,USA,26.6666666667,7.0,2085.0,7-6(7) 6-0 6-7(9) 6-4,5,QF,165.0,9.0,4.0,137.0,84.0,66.0,24.0,20.0,5.0,8.0,8.0,4.0,154.0,91.0,54.0,31.0,20.0,10.0,17.0
2006-560,US Open,Hard,128,G,20060828,125,103819,1.0,,Roger Federer,R,185.0,SUI,25.054072553,1.0,7295.0,103786,7.0,,Nikolay Davydenko,R,178.0,RUS,25.2375085558,6.0,2175.0,6-1 7-5 6-4,5,SF,101.0,4.0,1.0,81.0,54.0,41.0,16.0,15.0,1.0,3.0,2.0,2.0,85.0,60.0,31.0,15.0,14.0,2.0,8.0
2006-560,US Open,Hard,128,G,20060828,127,103819,1.0,,Roger Federer,R,185.0,SUI,25.054072553,1.0,7295.0,104053,9.0,,Andy Roddick,R,188.0,USA,23.9945242984,10.0,1890.0,6-2 4-6 7-5 6-1,5,F,145.0,17.0,0.0,103.0,63.0,53.0,20.0,19.0,6.0,8.0,7.0,1.0,122.0,80.0,53.0,16.0,18.0,10.0,16.0
2007-560,US Open,Hard,128,G,20070827,1,103819,1.0,,Roger Federer,R,185.0,SUI,26.0506502396,1.0,7605.0,104812,,Q,Scoville Jenkins,R,188.0,USA,20.9253935661,319.0,110.0,6-3 6-2 6-4,5,R128,90.0,13.0,2.0,73.0,46.0,40.0,18.0,14.0,2.0,2.0,9.0,7.0,81.0,54.0,37.0,11.0,13.0,5.0,9.0
2007-560,US Open,Hard,128,G,20070827,65,103819,1.0,,Roger Federer,R,185.0,SUI,26.0506502396,1.0,7605.0,104154,,Q,Paul Capdeville,R,190.0,CHI,24.4024640657,120.0,359.0,6-1 6-4 6-4,5,R64,88.0,5.0,1.0,72.0,47.0,35.0,19.0,14.0,0.0,1.0,5.0,2.0,84.0,51.0,33.0,13.0,13.0,4.0,9.0
2007-560,US Open,Hard,128,G,20070827,97,103819,1.0,,Roger Federer,R,185.0,SUI,26.0506502396,1.0,7605.0,104545,,WC,John Isner,R,206.0,USA,22.3353867214,184.0,223.0,6-7(4) 6-2 6-4 6-2,5,R32,135.0,10.0,1.0,107.0,71.0,57.0,26.0,19.0,1.0,1.0,17.0,5.0,121.0,88.0,60.0,15.0,19.0,4.0,9.0
2007-560,US Open,Hard,128,G,20070827,113,103819,1.0,,Roger Federer,R,185.0,SUI,26.0506502396,1.0,7605.0,103852,,,Feliciano Lopez,L,188.0,ESP,25.9329226557,60.0,586.0,3-6 6-4 6-1 6-4,5,R16,118.0,11.0,0.0,85.0,62.0,50.0,20.0,18.0,3.0,4.0,13.0,7.0,114.0,64.0,49.0,21.0,18.0,8.0,12.0
2007-560,US Open,Hard,128,G,20070827,121,103819,1.0,,Roger Federer,R,185.0,SUI,26.0506502396,1.0,7605.0,104053,5.0,,Andy Roddick,R,188.0,USA,24.9911019849,5.0,2990.0,7-6(5) 7-6(4) 6-2,5,QF,121.0,15.0,0.0,101.0,62.0,50.0,28.0,16.0,1.0,1.0,14.0,0.0,103.0,74.0,57.0,14.0,16.0,2.0,4.0
2007-560,US Open,Hard,128,G,20070827,125,103819,1.0,,Roger Federer,R,185.0,SUI,26.0506502396,1.0,7605.0,103786,4.0,,Nikolay Davydenko,R,178.0,RUS,26.2340862423,4.0,3255.0,7-5 6-1 7-5,5,SF,138.0,10.0,3.0,108.0,59.0,39.0,23.0,16.0,9.0,14.0,1.0,8.0,102.0,68.0,37.0,11.0,15.0,16.0,25.0
2007-560,US Open,Hard,128,G,20070827,127,103819,1.0,,Roger Federer,R,185.0,SUI,26.0506502396,1.0,7605.0,104925,3.0,,Novak Djokovic,R,188.0,SRB,20.2655715264,3.0,3670.0,7-6(4) 7-6(2) 6-4,5,F,144.0,11.0,4.0,106.0,66.0,52.0,25.0,17.0,7.0,9.0,5.0,7.0,116.0,64.0,45.0,29.0,17.0,2.0,5.0
2007-520,Roland Garros,Clay,128,G,20070528,1,103819,1.0,,Roger Federer,R,185.0,SUI,25.8015058179,1.0,7515.0,103188,,,Michael Russell,R,173.0,USA,29.0732375086,68.0,557.0,6-4 6-2 6-4,5,R128,105.0,6.0,0.0,75.0,53.0,42.0,17.0,14.0,0.0,0.0,1.0,4.0,93.0,73.0,46.0,10.0,14.0,7.0,11.0
2007-520,Roland Garros,Clay,128,G,20070528,65,103819,1.0,,Roger Federer,R,185.0,SUI,25.8015058179,1.0,7515.0,103693,,WC,Thierry Ascione,R,188.0,FRA,26.3572895277,168.0,257.0,6-1 6-2 7-6(8),5,R64,111.0,6.0,0.0,94.0,64.0,47.0,17.0,14.0,3.0,4.0,3.0,5.0,118.0,79.0,48.0,17.0,13.0,16.0,21.0
2007-520,Roland Garros,Clay,128,G,20070528,97,103819,1.0,,Roger Federer,R,185.0,SUI,25.8015058179,1.0,7515.0,103808,,,Potito Starace,R,188.0,ITA,25.8699520876,57.0,619.0,6-2 6-3 6-0,5,R32,91.0,5.0,2.0,76.0,47.0,39.0,15.0,12.0,3.0,3.0,1.0,2.0,69.0,40.0,20.0,14.0,11.0,5.0,11.0
2007-520,Roland Garros,Clay,128,G,20070528,113,103819,1.0,,Roger Federer,R,185.0,SUI,25.8015058179,1.0,7515.0,104022,13.0,,Mikhail Youzhny,R,183.0,RUS,24.9226557153,15.0,1685.0,7-6(3) 6-4 6-4,5,R16,145.0,1.0,2.0,100.0,50.0,35.0,33.0,16.0,6.0,8.0,3.0,2.0,110.0,54.0,33.0,31.0,16.0,4.0,8.0
2007-520,Roland Garros,Clay,128,G,20070528,121,103819,1.0,,Roger Federer,R,185.0,SUI,25.8015058179,1.0,7515.0,103990,9.0,,Tommy Robredo,R,180.0,ESP,25.0732375086,9.0,2100.0,7-5 1-6 6-1 6-2,5,QF,122.0,8.0,0.0,87.0,51.0,42.0,19.0,17.0,5.0,9.0,2.0,2.0,102.0,78.0,43.0,12.0,17.0,4.0,11.0
2007-520,Roland Garros,Clay,128,G,20070528,125,103819,1.0,,Roger Federer,R,185.0,SUI,25.8015058179,1.0,7515.0,103786,4.0,,Nikolay Davydenko,R,178.0,RUS,25.9849418207,4.0,2840.0,7-5 7-6(5) 7-6(7),5,SF,181.0,10.0,3.0,138.0,71.0,56.0,31.0,18.0,14.0,17.0,2.0,5.0,140.0,95.0,60.0,24.0,18.0,11.0,15.0
2007-520,Roland Garros,Clay,128,G,20070528,127,104745,2.0,,Rafael Nadal,L,185.0,ESP,20.9828884326,2.0,5225.0,103819,1.0,,Roger Federer,R,185.0,SUI,25.8015058179,1.0,7515.0,6-3 4-6 6-3 6-4,5,F,190.0,2.0,1.0,137.0,106.0,74.0,17.0,19.0,16.0,17.0,9.0,1.0,118.0,76.0,50.0,23.0,19.0,6.0,10.0
2007-540,Wimbledon,Grass,128,G,20070625,1,103819,1.0,,Roger Federer,R,185.0,SUI,25.87816564,1.0,7290.0,104559,,,Teymuraz Gabashvili,R,188.0,RUS,22.0889801506,86.0,486.0,6-3 6-2 6-4,5,R128,92.0,9.0,0.0,78.0,48.0,35.0,22.0,14.0,1.0,1.0,2.0,3.0,86.0,47.0,26.0,25.0,13.0,8.0,12.0
2007-540,Wimbledon,Grass,128,G,20070625,65,103819,1.0,,Roger Federer,R,185.0,SUI,25.87816564,1.0,7290.0,105223,,,Juan Martin Del Potro,R,198.0,ARG,18.7515400411,56.0,619.0,6-2 7-5 6-1,5,R64,93.0,5.0,1.0,77.0,45.0,38.0,20.0,14.0,1.0,1.0,1.0,2.0,76.0,41.0,25.0,18.0,13.0,4.0,9.0
2007-540,Wimbledon,Grass,128,G,20070625,97,103819,1.0,,Roger Federer,R,185.0,SUI,25.87816564,1.0,7290.0,103498,26.0,,Marat Safin,R,193.0,RUS,27.40862423,24.0,1125.0,6-1 6-4 7-6(4),5,R32,99.0,12.0,1.0,86.0,56.0,49.0,15.0,15.0,0.0,1.0,5.0,1.0,89.0,53.0,39.0,15.0,14.0,7.0,11.0
2007-540,Wimbledon,Grass,128,G,20070625,113,103819,1.0,,Roger Federer,R,185.0,SUI,25.87816564,1.0,7290.0,103163,13.0,,Tommy Haas,R,188.0,GER,29.2265571526,10.0,1960.0,W/O,5,R16,,,,,,,,,,,,,,,,,,,
2007-540,Wimbledon,Grass,128,G,20070625,121,103819,1.0,,Roger Federer,R,185.0,SUI,25.87816564,1.0,7290.0,103507,20.0,,Juan Carlos Ferrero,R,183.0,ESP,27.3648186174,18.0,1330.0,7-6(2) 3-6 6-1 6-3,5,QF,136.0,15.0,1.0,113.0,67.0,54.0,26.0,18.0,5.0,7.0,3.0,3.0,120.0,79.0,54.0,16.0,19.0,3.0,8.0
2007-540,Wimbledon,Grass,128,G,20070625,125,103819,1.0,,Roger Federer,R,185.0,SUI,25.87816564,1.0,7290.0,104755,12.0,,Richard Gasquet,R,185.0,FRA,21.0184804928,14.0,1775.0,7-5 6-3 6-4,5,SF,104.0,20.0,0.0,90.0,64.0,50.0,17.0,16.0,3.0,3.0,4.0,1.0,89.0,56.0,37.0,20.0,15.0,1.0,4.0
2007-540,Wimbledon,Grass,128,G,20070625,127,103819,1.0,,Roger Federer,R,185.0,SUI,25.87816564,1.0,7290.0,104745,2.0,,Rafael Nadal,L,185.0,ESP,21.0595482546,2.0,5225.0,7-6(7) 4-6 7-6(3) 2-6 6-2,5,F,225.0,24.0,3.0,156.0,111.0,79.0,28.0,25.0,7.0,11.0,1.0,2.0,167.0,118.0,81.0,28.0,25.0,5.0,8.0
2007-580,Australian Open,Hard,128,G,20070115,1,103819,1.0,,Roger Federer,R,185.0,SUI,25.4373716632,1.0,8120.0,103451,,,Bjorn Phau,R,175.0,GER,27.2826830938,82.0,483.0,7-5 6-0 6-4,5,R128,107.0,7.0,1.0,79.0,56.0,39.0,12.0,14.0,2.0,6.0,3.0,3.0,107.0,52.0,28.0,19.0,14.0,10.0,19.0
2007-580,Australian Open,Hard,128,G,20070115,65,103819,1.0,,Roger Federer,R,185.0,SUI,25.4373716632,1.0,8120.0,102035,,,Jonas Bjorkman,R,183.0,SWE,34.8145106092,50.0,743.0,6-2 6-3 6-2,5,R64,95.0,7.0,1.0,66.0,42.0,31.0,16.0,13.0,0.0,2.0,2.0,3.0,86.0,52.0,27.0,13.0,12.0,5.0,12.0
2007-580,Australian Open,Hard,128,G,20070115,97,103819,1.0,,Roger Federer,R,185.0,SUI,25.4373716632,1.0,8120.0,104022,25.0,,Mikhail Youzhny,R,183.0,RUS,24.5585215606,25.0,1075.0,6-3 6-3 7-6(5),5,R32,124.0,7.0,1.0,100.0,53.0,44.0,25.0,15.0,3.0,4.0,7.0,1.0,101.0,55.0,43.0,18.0,15.0,4.0,8.0
2007-580,Australian Open,Hard,128,G,20070115,113,103819,1.0,,Roger Federer,R,185.0,SUI,25.4373716632,1.0,8120.0,104925,14.0,,Novak Djokovic,R,188.0,SRB,19.65229295,15.0,1530.0,6-2 7-5 6-3,5,R16,110.0,12.0,1.0,80.0,50.0,40.0,20.0,15.0,1.0,2.0,7.0,2.0,101.0,62.0,38.0,18.0,14.0,3.0,8.0
2007-580,Australian Open,Hard,128,G,20070115,121,103819,1.0,,Roger Federer,R,185.0,SUI,25.4373716632,1.0,8120.0,103990,7.0,,Tommy Robredo,R,180.0,ESP,24.7091033539,6.0,2455.0,6-3 7-6(2) 7-5,5,QF,140.0,5.0,1.0,96.0,60.0,43.0,21.0,17.0,4.0,8.0,4.0,4.0,117.0,71.0,45.0,17.0,16.0,6.0,12.0
2007-580,Australian Open,Hard,128,G,20070115,125,103819,1.0,,Roger Federer,R,185.0,SUI,25.4373716632,1.0,8120.0,104053,6.0,,Andy Roddick,R,188.0,USA,24.3778234086,7.0,2415.0,6-4 6-0 6-2,5,SF,83.0,10.0,2.0,63.0,32.0,26.0,21.0,12.0,0.0,1.0,4.0,2.0,65.0,41.0,22.0,7.0,12.0,0.0,7.0
2007-580,Australian Open,Hard,128,G,20070115,127,103819,1.0,,Roger Federer,R,185.0,SUI,25.4373716632,1.0,8120.0,103602,10.0,,Fernando Gonzalez,R,183.0,CHI,26.4640657084,9.0,2015.0,7-6(2) 6-4 6-4,5,F,140.0,5.0,1.0,86.0,50.0,41.0,28.0,16.0,0.0,1.0,6.0,3.0,127.0,77.0,53.0,23.0,16.0,7.0,10.0
2008-540,Wimbledon,Grass,128,G,20080623,1,103819,1.0,,Roger Federer,R,185.0,SUI,26.8747433265,1.0,6900.0,103103,,,Dominik Hrbaty,R,183.0,SVK,30.4668035592,273.0,136.0,6-3 6-2 6-2,5,R128,80.0,10.0,0.0,78.0,54.0,42.0,15.0,13.0,0.0,0.0,2.0,7.0,69.0,39.0,24.0,12.0,12.0,6.0,11.0
2008-540,Wimbledon,Grass,128,G,20080623,65,103819,1.0,,Roger Federer,R,185.0,SUI,26.8747433265,1.0,6900.0,104417,,,Robin Soderling,R,193.0,SWE,23.8576317591,41.0,855.0,6-3 6-4 7-6(3),5,R64,121.0,15.0,0.0,96.0,58.0,47.0,22.0,16.0,3.0,4.0,6.0,5.0,114.0,63.0,44.0,25.0,15.0,5.0,8.0
2008-540,Wimbledon,Grass,128,G,20080623,97,103819,1.0,,Roger Federer,R,185.0,SUI,26.8747433265,1.0,6900.0,102967,,,Marc Gicquel,R,188.0,FRA,31.2334017796,53.0,724.0,6-3 6-3 6-1,5,R32,82.0,10.0,1.0,68.0,49.0,41.0,11.0,13.0,2.0,3.0,5.0,1.0,82.0,55.0,35.0,7.0,12.0,7.0,13.0
2008-540,Wimbledon,Grass,128,G,20080623,113,103819,1.0,,Roger Federer,R,185.0,SUI,26.8747433265,1.0,6900.0,103720,24.0,,Lleyton Hewitt,R,180.0,AUS,27.3264887064,27.0,1050.0,7-6(7) 6-2 6-4,5,R16,110.0,21.0,3.0,98.0,60.0,51.0,20.0,15.0,8.0,8.0,8.0,1.0,87.0,54.0,42.0,16.0,15.0,0.0,3.0
2008-540,Wimbledon,Grass,128,G,20080623,121,103819,1.0,,Roger Federer,R,185.0,SUI,26.8747433265,1.0,6900.0,104339,,,Mario Ancic,R,196.0,CRO,24.2327173169,43.0,845.0,6-1 7-5 6-4,5,QF,102.0,15.0,0.0,71.0,49.0,43.0,18.0,15.0,0.0,0.0,9.0,2.0,95.0,58.0,41.0,17.0,14.0,6.0,10.0
2008-540,Wimbledon,Grass,128,G,20080623,125,103819,1.0,,Roger Federer,R,185.0,SUI,26.8747433265,1.0,6900.0,103498,,,Marat Safin,R,193.0,RUS,28.4052019165,75.0,530.0,6-3 7-6(3) 6-4,5,SF,103.0,15.0,0.0,90.0,60.0,46.0,24.0,16.0,2.0,2.0,13.0,0.0,93.0,62.0,46.0,17.0,15.0,3.0,5.0
2008-540,Wimbledon,Grass,128,G,20080623,127,104745,2.0,,Rafael Nadal,L,185.0,ESP,22.0561259411,2.0,5755.0,103819,1.0,,Roger Federer,R,185.0,SUI,26.8747433265,1.0,6900.0,6-4 6-4 6-7(5) 6-7(8) 9-7,5,F,288.0,6.0,3.0,218.0,160.0,111.0,34.0,30.0,12.0,13.0,25.0,2.0,195.0,127.0,92.0,39.0,30.0,9.0,13.0
2008-520,Roland Garros,Clay,128,G,20080525,1,103819,1.0,,Roger Federer,R,185.0,SUI,26.7980835044,1.0,6675.0,105023,,,Sam Querrey,R,198.0,USA,20.6351813826,40.0,835.0,6-4 6-4 6-3,5,R128,95.0,5.0,1.0,79.0,53.0,42.0,14.0,14.0,1.0,2.0,6.0,4.0,92.0,41.0,26.0,28.0,15.0,7.0,12.0
2008-520,Roland Garros,Clay,128,G,20080525,65,103819,1.0,,Roger Federer,R,185.0,SUI,26.7980835044,1.0,6675.0,103656,,,Albert Montanes,R,175.0,ESP,27.4962354552,60.0,596.0,6-7(5) 6-1 6-0 6-4,5,R64,145.0,13.0,1.0,110.0,76.0,65.0,18.0,18.0,6.0,6.0,2.0,8.0,135.0,83.0,49.0,25.0,17.0,12.0,18.0
2008-520,Roland Garros,Clay,128,G,20080525,97,103819,1.0,,Roger Federer,R,185.0,SUI,26.7980835044,1.0,6675.0,104339,,,Mario Ancic,R,196.0,CRO,24.1560574949,46.0,735.0,6-3 6-4 6-2,5,R32,96.0,8.0,1.0,71.0,45.0,36.0,20.0,14.0,2.0,3.0,2.0,0.0,75.0,47.0,31.0,10.0,13.0,2.0,7.0
2008-520,Roland Garros,Clay,128,G,20080525,113,103819,1.0,,Roger Federer,R,185.0,SUI,26.7980835044,1.0,6675.0,103898,,,Julien Benneteau,R,185.0,FRA,26.431211499,55.0,670.0,6-4 7-5 7-5,5,R16,146.0,6.0,3.0,98.0,52.0,40.0,26.0,17.0,7.0,10.0,5.0,1.0,118.0,74.0,38.0,28.0,17.0,10.0,16.0
2008-520,Roland Garros,Clay,128,G,20080525,121,103819,1.0,,Roger Federer,R,185.0,SUI,26.7980835044,1.0,6675.0,103602,24.0,,Fernando Gonzalez,R,183.0,CHI,27.8247775496,25.0,1160.0,2-6 6-2 6-3 6-4,5,QF,121.0,11.0,0.0,96.0,62.0,44.0,24.0,18.0,3.0,6.0,3.0,0.0,100.0,72.0,40.0,17.0,17.0,8.0,13.0
2008-520,Roland Garros,Clay,128,G,20080525,125,103819,1.0,,Roger Federer,R,185.0,SUI,26.7980835044,1.0,6675.0,104792,,,Gael Monfils,R,193.0,FRA,21.7330595483,59.0,613.0,6-2 5-7 6-3 7-5,5,SF,185.0,2.0,1.0,136.0,97.0,67.0,20.0,20.0,10.0,13.0,10.0,5.0,150.0,89.0,62.0,22.0,21.0,8.0,15.0
2008-520,Roland Garros,Clay,128,G,20080525,127,104745,2.0,,Rafael Nadal,L,185.0,ESP,21.9794661191,2.0,5585.0,103819,1.0,,Roger Federer,R,185.0,SUI,26.7980835044,1.0,6675.0,6-1 6-3 6-0,5,F,108.0,0.0,0.0,67.0,50.0,35.0,11.0,11.0,3.0,4.0,2.0,0.0,77.0,53.0,26.0,5.0,11.0,9.0,17.0
2008-580,Australian Open,Hard,128,G,20080114,1,103819,1.0,,Roger Federer,R,185.0,SUI,26.4339493498,1.0,7180.0,103701,,,Diego Hartfield,R,185.0,ARG,26.9514031485,107.0,410.0,6-0 6-3 6-0,5,R128,72.0,11.0,1.0,65.0,50.0,42.0,7.0,11.0,2.0,2.0,3.0,1.0,62.0,40.0,21.0,5.0,10.0,3.0,10.0
2008-580,Australian Open,Hard,128,G,20080114,65,103819,1.0,,Roger Federer,R,185.0,SUI,26.4339493498,1.0,7180.0,102148,,,Fabrice Santoro,R,178.0,FRA,35.0965092402,36.0,852.0,6-1 6-2 6-0,5,R64,80.0,6.0,1.0,61.0,42.0,32.0,15.0,11.0,2.0,2.0,2.0,0.0,69.0,45.0,20.0,9.0,10.0,7.0,14.0
2008-580,Australian Open,Hard,128,G,20080114,97,103819,1.0,,Roger Federer,R,185.0,SUI,26.4339493498,1.0,7180.0,104386,,,Janko Tipsarevic,R,180.0,SRB,23.5619438741,49.0,657.0,6-7(5) 7-6(1) 5-7 6-1 10-8,5,R32,265.0,39.0,1.0,167.0,107.0,95.0,33.0,31.0,0.0,3.0,12.0,6.0,207.0,106.0,75.0,58.0,30.0,16.0,21.0
2008-580,Australian Open,Hard,128,G,20080114,113,103819,1.0,,Roger Federer,R,185.0,SUI,26.4339493498,1.0,7180.0,104607,13.0,,Tomas Berdych,R,196.0,CZE,22.3244353183,13.0,1685.0,6-4 7-6(7) 6-3,5,R16,117.0,11.0,1.0,94.0,59.0,44.0,26.0,16.0,2.0,3.0,7.0,4.0,96.0,54.0,41.0,20.0,15.0,4.0,7.0
2008-580,Australian Open,Hard,128,G,20080114,121,103819,1.0,,Roger Federer,R,185.0,SUI,26.4339493498,1.0,7180.0,103484,12.0,,James Blake,R,185.0,USA,28.0465434634,15.0,1610.0,7-5 7-6(5) 6-4,5,QF,119.0,13.0,0.0,96.0,65.0,49.0,18.0,17.0,0.0,3.0,8.0,5.0,116.0,67.0,47.0,21.0,17.0,5.0,10.0
2008-580,Australian Open,Hard,128,G,20080114,125,104925,3.0,,Novak Djokovic,R,188.0,SRB,20.6488706366,3.0,4315.0,103819,1.0,,Roger Federer,R,185.0,SUI,26.4339493498,1.0,7180.0,7-5 6-3 7-6(5),5,SF,146.0,13.0,6.0,113.0,77.0,60.0,15.0,17.0,7.0,9.0,10.0,2.0,109.0,68.0,48.0,18.0,16.0,7.0,11.0
2008-560,US Open,Hard,128,G,20080825,64,103819,2.0,,Roger Federer,R,185.0,SUI,27.0472279261,2.0,5930.0,104216,,,Maximo Gonzalez,R,175.0,ARG,25.1006160164,118.0,416.0,6-3 6-0 6-3,5,R128,82.0,14.0,1.0,76.0,57.0,42.0,10.0,12.0,6.0,7.0,1.0,3.0,75.0,50.0,28.0,8.0,12.0,6.0,13.0
2008-560,US Open,Hard,128,G,20080825,96,103819,2.0,,Roger Federer,R,185.0,SUI,27.0472279261,2.0,5930.0,103999,,Q,Thiago Alves,R,178.0,BRA,26.2614647502,137.0,343.0,6-3 7-5 6-4,5,R64,134.0,19.0,2.0,95.0,61.0,49.0,19.0,16.0,2.0,3.0,2.0,2.0,125.0,68.0,41.0,30.0,15.0,11.0,15.0
2008-560,US Open,Hard,128,G,20080825,112,103819,2.0,,Roger Federer,R,185.0,SUI,27.0472279261,2.0,5930.0,103285,28.0,,Radek Stepanek,R,185.0,CZE,29.7440109514,30.0,1006.0,6-3 6-3 6-2,5,R32,96.0,12.0,3.0,76.0,55.0,41.0,14.0,13.0,1.0,2.0,1.0,5.0,86.0,57.0,36.0,9.0,13.0,5.0,11.0
2008-560,US Open,Hard,128,G,20080825,120,103819,2.0,,Roger Federer,R,185.0,SUI,27.0472279261,2.0,5930.0,104214,23.0,,Igor Andreev,R,185.0,RUS,25.1170431211,23.0,1145.0,6-7(5) 7-6(5) 6-3 3-6 6-3,5,R16,211.0,10.0,5.0,168.0,114.0,86.0,31.0,26.0,13.0,15.0,8.0,7.0,165.0,100.0,78.0,32.0,25.0,4.0,7.0
2008-560,US Open,Hard,128,G,20080825,124,103819,2.0,,Roger Federer,R,185.0,SUI,27.0472279261,2.0,5930.0,104180,,Q,Gilles Muller,L,193.0,LUX,25.2977412731,130.0,371.0,7-6(5) 6-4 7-6(5),5,QF,144.0,8.0,0.0,103.0,63.0,54.0,26.0,17.0,2.0,2.0,16.0,4.0,121.0,76.0,59.0,25.0,17.0,10.0,11.0
2008-560,US Open,Hard,128,G,20080825,126,103819,2.0,,Roger Federer,R,185.0,SUI,27.0472279261,2.0,5930.0,104925,3.0,,Novak Djokovic,R,188.0,SRB,21.2621492129,3.0,5105.0,6-3 5-7 7-5 6-2,5,SF,164.0,20.0,1.0,125.0,80.0,61.0,27.0,21.0,2.0,4.0,6.0,5.0,124.0,80.0,57.0,20.0,20.0,7.0,12.0
2008-560,US Open,Hard,128,G,20080825,127,103819,2.0,,Roger Federer,R,185.0,SUI,27.0472279261,2.0,5930.0,104918,6.0,,Andy Murray,R,190.0,GBR,21.2813141684,6.0,2415.0,6-2 7-5 6-2,5,F,111.0,3.0,0.0,81.0,47.0,37.0,16.0,14.0,3.0,5.0,3.0,3.0,81.0,45.0,23.0,17.0,14.0,3.0,10.0
2009-560,US Open,Hard,128,G,20090831,1,103819,1.0,,Roger Federer,R,185.0,SUI,28.0629705681,1.0,12040.0,105730,,WC,Devin Britton,R,193.0,USA,18.4585900068,1370.0,4.0,6-1 6-3 7-5,5,R128,88.0,6.0,3.0,69.0,45.0,37.0,13.0,14.0,1.0,3.0,6.0,9.0,100.0,58.0,34.0,15.0,14.0,2.0,9.0
2009-560,US Open,Hard,128,G,20090831,65,103819,1.0,,Roger Federer,R,185.0,SUI,28.0629705681,1.0,12040.0,103752,,,Simon Greul,R,185.0,GER,28.3832991102,65.0,836.0,6-3 7-5 7-5,5,R64,118.0,8.0,2.0,99.0,66.0,48.0,23.0,17.0,5.0,6.0,0.0,4.0,93.0,46.0,32.0,25.0,16.0,4.0,8.0
2009-560,US Open,Hard,128,G,20090831,97,103819,1.0,,Roger Federer,R,185.0,SUI,28.0629705681,1.0,12040.0,103720,31.0,,Lleyton Hewitt,R,180.0,AUS,28.514715948,32.0,1285.0,4-6 6-3 7-5 6-4,5,R32,153.0,15.0,4.0,134.0,75.0,56.0,31.0,21.0,11.0,14.0,5.0,4.0,110.0,57.0,40.0,29.0,20.0,6.0,11.0
2009-560,US Open,Hard,128,G,20090831,113,103819,1.0,,Roger Federer,R,185.0,SUI,28.0629705681,1.0,12040.0,103990,14.0,,Tommy Robredo,R,180.0,ESP,27.3347022587,15.0,2165.0,7-5 6-2 6-2,5,R16,108.0,9.0,0.0,75.0,47.0,41.0,19.0,14.0,4.0,4.0,2.0,2.0,93.0,64.0,40.0,11.0,14.0,5.0,10.0
2009-560,US Open,Hard,128,G,20090831,121,103819,1.0,,Roger Federer,R,185.0,SUI,28.0629705681,1.0,12040.0,104417,12.0,,Robin Soderling,R,193.0,SWE,25.0458590007,12.0,2665.0,6-0 6-3 6-7(6) 7-6(6),5,QF,153.0,28.0,3.0,128.0,85.0,73.0,24.0,20.0,5.0,5.0,11.0,5.0,127.0,85.0,62.0,19.0,19.0,7.0,11.0
2009-560,US Open,Hard,128,G,20090831,125,103819,1.0,,Roger Federer,R,185.0,SUI,28.0629705681,1.0,12040.0,104925,4.0,,Novak Djokovic,R,188.0,SRB,22.2778918549,4.0,7660.0,7-6(3) 7-5 7-5,5,SF,154.0,8.0,3.0,109.0,63.0,49.0,28.0,18.0,2.0,3.0,6.0,4.0,115.0,78.0,53.0,20.0,18.0,7.0,10.0
2009-560,US Open,Hard,128,G,20090831,127,105223,6.0,,Juan Martin Del Potro,R,198.0,ARG,20.9363449692,6.0,5325.0,103819,1.0,,Roger Federer,R,185.0,SUI,28.0629705681,1.0,12040.0,3-6 7-6(5) 4-6 7-6(4) 6-2,5,F,246.0,8.0,6.0,171.0,112.0,81.0,33.0,25.0,17.0,22.0,14.0,11.0,181.0,93.0,67.0,48.0,26.0,10.0,15.0
2009-580,Australian Open,Hard,128,G,20090119,64,103819,2.0,,Roger Federer,R,185.0,SUI,27.4496919918,2.0,10700.0,104312,,,Andreas Seppi,R,190.0,ITA,24.9117043121,35.0,1820.0,6-1 7-6(4) 7-5,5,R128,280.0,9.0,5.0,115.0,76.0,56.0,23.0,16.0,10.0,10.0,1.0,6.0,109.0,70.0,48.0,18.0,15.0,7.0,10.0
2009-580,Australian Open,Hard,128,G,20090119,96,103819,2.0,,Roger Federer,R,185.0,SUI,27.4496919918,2.0,10700.0,105095,,Q,Evgeny Korolev,R,185.0,KAZ,20.9308692676,118.0,808.0,6-2 6-3 6-1,5,R64,85.0,8.0,3.0,68.0,41.0,28.0,20.0,12.0,0.0,1.0,2.0,3.0,80.0,41.0,22.0,17.0,12.0,5.0,12.0
2009-580,Australian Open,Hard,128,G,20090119,112,103819,2.0,,Roger Federer,R,185.0,SUI,27.4496919918,2.0,10700.0,103498,26.0,,Marat Safin,R,193.0,RUS,28.9801505818,27.0,2050.0,6-3 6-2 7-6(5),5,R32,110.0,9.0,1.0,89.0,54.0,46.0,22.0,15.0,0.0,0.0,14.0,2.0,88.0,44.0,30.0,24.0,14.0,1.0,4.0
2009-580,Australian Open,Hard,128,G,20090119,120,103819,2.0,,Roger Federer,R,185.0,SUI,27.4496919918,2.0,10700.0,104607,20.0,,Tomas Berdych,R,196.0,CZE,23.3401779603,21.0,2400.0,4-6 6-7(4) 6-4 6-4 6-2,5,R16,205.0,20.0,5.0,159.0,108.0,76.0,24.0,25.0,7.0,12.0,7.0,2.0,151.0,93.0,65.0,27.0,25.0,4.0,12.0
2009-580,Australian Open,Hard,128,G,20090119,124,103819,2.0,,Roger Federer,R,185.0,SUI,27.4496919918,2.0,10700.0,105223,8.0,,Juan Martin Del Potro,R,198.0,ARG,20.3230663929,6.0,4060.0,6-3 6-0 6-0,5,QF,80.0,12.0,0.0,53.0,37.0,32.0,12.0,11.0,0.0,0.0,5.0,2.0,66.0,39.0,18.0,9.0,10.0,4.0,11.0
2009-580,Australian Open,Hard,128,G,20090119,126,103819,2.0,,Roger Federer,R,185.0,SUI,27.4496919918,2.0,10700.0,104053,7.0,,Andy Roddick,R,188.0,USA,26.3901437372,9.0,3940.0,6-2 7-5 7-5,5,SF,125.0,16.0,0.0,96.0,63.0,52.0,19.0,16.0,3.0,3.0,8.0,2.0,94.0,61.0,43.0,17.0,16.0,9.0,13.0
2009-580,Australian Open,Hard,128,G,20090119,127,104745,1.0,,Rafael Nadal,L,185.0,ESP,22.6310746064,1.0,13160.0,103819,2.0,,Roger Federer,R,185.0,SUI,27.4496919918,2.0,10700.0,7-5 3-6 7-6(3) 3-6 6-2,5,F,259.0,4.0,4.0,175.0,112.0,74.0,30.0,24.0,13.0,19.0,11.0,6.0,172.0,89.0,65.0,38.0,26.0,9.0,16.0
2009-520,Roland Garros,Clay,128,G,20090525,64,103819,2.0,,Roger Federer,R,185.0,SUI,27.794661191,2.0,10470.0,103252,,,Alberto Martin,R,175.0,ESP,30.7624914442,98.0,795.0,6-4 6-3 6-2,5,R128,103.0,10.0,0.0,75.0,51.0,40.0,16.0,14.0,0.0,1.0,0.0,3.0,87.0,56.0,34.0,13.0,13.0,5.0,10.0
2009-520,Roland Garros,Clay,128,G,20090525,96,103819,2.0,,Roger Federer,R,185.0,SUI,27.794661191,2.0,10470.0,104076,,,Jose Acasuso,R,190.0,ARG,26.5954825462,45.0,1210.0,7-6(8) 5-7 7-6(2) 6-2,5,R64,205.0,11.0,0.0,142.0,101.0,75.0,22.0,22.0,5.0,10.0,5.0,2.0,154.0,96.0,59.0,31.0,22.0,6.0,12.0
2009-520,Roland Garros,Clay,128,G,20090525,112,103819,2.0,,Roger Federer,R,185.0,SUI,27.794661191,2.0,10470.0,103908,32.0,,Paul Henri Mathieu,R,185.0,FRA,27.3648186174,35.0,1490.0,4-6 6-1 6-4 6-4,5,R32,166.0,14.0,3.0,110.0,65.0,53.0,22.0,19.0,5.0,7.0,8.0,3.0,126.0,75.0,49.0,24.0,18.0,11.0,16.0
2009-520,Roland Garros,Clay,128,G,20090525,120,103819,2.0,,Roger Federer,R,185.0,SUI,27.794661191,2.0,10470.0,103163,,,Tommy Haas,R,188.0,GER,31.1430527036,63.0,1015.0,6-7(4) 5-7 6-4 6-0 6-2,5,R16,187.0,16.0,1.0,130.0,82.0,70.0,29.0,24.0,3.0,5.0,11.0,3.0,145.0,93.0,63.0,28.0,24.0,8.0,15.0
2009-520,Roland Garros,Clay,128,G,20090525,124,103819,2.0,,Roger Federer,R,185.0,SUI,27.794661191,2.0,10470.0,104792,11.0,,Gael Monfils,R,193.0,FRA,22.7296372348,10.0,3150.0,7-6(6) 6-2 6-4,5,QF,130.0,8.0,1.0,94.0,54.0,43.0,26.0,15.0,4.0,4.0,7.0,1.0,105.0,61.0,41.0,22.0,15.0,2.0,5.0
2009-520,Roland Garros,Clay,128,G,20090525,126,103819,2.0,,Roger Federer,R,185.0,SUI,27.794661191,2.0,10470.0,105223,5.0,,Juan Martin Del Potro,R,198.0,ARG,20.6680355921,5.0,4830.0,3-6 7-6(2) 2-6 6-1 6-4,5,SF,209.0,5.0,1.0,142.0,92.0,67.0,26.0,24.0,8.0,13.0,16.0,6.0,168.0,98.0,72.0,30.0,22.0,8.0,12.0
2009-520,Roland Garros,Clay,128,G,20090525,127,103819,2.0,,Roger Federer,R,185.0,SUI,27.794661191,2.0,10470.0,104417,23.0,,Robin Soderling,R,193.0,SWE,24.7775496235,25.0,1775.0,6-1 7-6(1) 6-4,5,F,115.0,16.0,2.0,79.0,52.0,44.0,18.0,14.0,2.0,2.0,2.0,3.0,91.0,55.0,35.0,20.0,15.0,2.0,6.0
2009-540,Wimbledon,Grass,128,G,20090622,64,103819,2.0,,Roger Federer,R,185.0,SUI,27.871321013,2.0,10620.0,104229,,,Yen Hsun Lu,R,180.0,TPE,25.8562628337,65.0,932.0,7-5 6-3 6-2,5,R128,105.0,10.0,1.0,75.0,53.0,45.0,15.0,15.0,2.0,3.0,3.0,1.0,93.0,64.0,40.0,13.0,14.0,6.0,11.0
2009-540,Wimbledon,Grass,128,G,20090622,96,103819,2.0,,Roger Federer,R,185.0,SUI,27.871321013,2.0,10620.0,104198,,,Guillermo Garcia Lopez,R,188.0,ESP,26.0506502396,42.0,1186.0,6-2 6-2 6-4,5,R64,90.0,11.0,2.0,75.0,48.0,44.0,13.0,13.0,2.0,2.0,3.0,6.0,74.0,55.0,35.0,9.0,13.0,2.0,7.0
2009-540,Wimbledon,Grass,128,G,20090622,112,103819,2.0,,Roger Federer,R,185.0,SUI,27.871321013,2.0,10620.0,104259,27.0,,Philipp Kohlschreiber,R,178.0,GER,25.6837782341,32.0,1540.0,6-3 6-2 6-7(5) 6-1,5,R32,151.0,15.0,2.0,126.0,87.0,66.0,20.0,19.0,5.0,7.0,5.0,4.0,126.0,81.0,50.0,20.0,17.0,15.0,22.0
2009-540,Wimbledon,Grass,128,G,20090622,120,103819,2.0,,Roger Federer,R,185.0,SUI,27.871321013,2.0,10620.0,104417,13.0,,Robin Soderling,R,193.0,SWE,24.8542094456,12.0,2825.0,6-4 7-6(5) 7-6(5),5,R16,119.0,23.0,0.0,102.0,68.0,60.0,21.0,17.0,2.0,2.0,16.0,3.0,98.0,55.0,50.0,26.0,17.0,3.0,4.0
2009-540,Wimbledon,Grass,128,G,20090622,124,103819,2.0,,Roger Federer,R,185.0,SUI,27.871321013,2.0,10620.0,103333,22.0,,Ivo Karlovic,R,208.0,CRO,30.3134839151,36.0,1295.0,6-3 7-5 7-6(3),5,QF,103.0,7.0,2.0,85.0,53.0,50.0,24.0,17.0,0.0,0.0,23.0,2.0,82.0,57.0,46.0,15.0,16.0,0.0,2.0
2009-540,Wimbledon,Grass,128,G,20090622,126,103819,2.0,,Roger Federer,R,185.0,SUI,27.871321013,2.0,10620.0,103163,24.0,,Tommy Haas,R,188.0,GER,31.2197125257,34.0,1405.0,7-6(3) 7-5 6-3,5,SF,123.0,11.0,1.0,83.0,62.0,55.0,17.0,17.0,0.0,0.0,11.0,5.0,110.0,72.0,53.0,17.0,16.0,6.0,8.0
2009-540,Wimbledon,Grass,128,G,20090622,127,103819,2.0,,Roger Federer,R,185.0,SUI,27.871321013,2.0,10620.0,104053,6.0,,Andy Roddick,R,188.0,USA,26.8117727584,6.0,4310.0,5-7 7-6(6) 7-6(5) 3-6 16-14,5,F,256.0,50.0,4.0,197.0,127.0,113.0,42.0,37.0,3.0,5.0,27.0,4.0,239.0,169.0,140.0,31.0,38.0,6.0,7.0
2010-540,Wimbledon,Grass,128,G,20100621,1,103819,1.0,,Roger Federer,R,185.0,SUI,28.8678986995,2.0,8525.0,104268,,,Alejandro Falla,L,185.0,COL,26.6009582478,60.0,767.0,5-7 4-6 6-4 7-6(1) 6-0,5,R128,198.0,21.0,7.0,151.0,89.0,70.0,34.0,25.0,7.0,10.0,8.0,2.0,177.0,107.0,72.0,35.0,25.0,9.0,14.0
2010-540,Wimbledon,Grass,128,G,20100621,65,103819,1.0,,Roger Federer,R,185.0,SUI,28.8678986995,2.0,8525.0,104592,,Q,Ilija Bozoljac,R,193.0,SRB,24.8843258042,152.0,328.0,6-3 6-7(4) 6-4 7-6(5),5,R64,166.0,16.0,1.0,135.0,94.0,72.0,29.0,21.0,4.0,4.0,31.0,6.0,140.0,90.0,70.0,28.0,22.0,10.0,13.0
2010-540,Wimbledon,Grass,128,G,20100621,97,103819,1.0,,Roger Federer,R,185.0,SUI,28.8678986995,2.0,8525.0,103096,,,Arnaud Clement,R,173.0,FRA,32.5092402464,86.0,620.0,6-2 6-4 6-2,5,R32,95.0,7.0,3.0,68.0,44.0,37.0,16.0,13.0,1.0,1.0,5.0,0.0,76.0,44.0,32.0,11.0,13.0,5.0,10.0
2010-540,Wimbledon,Grass,128,G,20100621,113,103819,1.0,,Roger Federer,R,185.0,SUI,28.8678986995,2.0,8525.0,103781,16.0,,Jurgen Melzer,L,183.0,AUT,29.0814510609,16.0,2125.0,6-3 6-2 6-3,5,R16,84.0,11.0,2.0,65.0,34.0,29.0,21.0,13.0,0.0,1.0,6.0,3.0,77.0,55.0,29.0,10.0,13.0,4.0,10.0
2010-540,Wimbledon,Grass,128,G,20100621,121,104607,12.0,,Tomas Berdych,R,196.0,CZE,24.758384668,13.0,2825.0,103819,1.0,,Roger Federer,R,185.0,SUI,28.8678986995,2.0,8525.0,6-4 3-6 6-1 6-4,5,QF,155.0,12.0,6.0,124.0,72.0,59.0,23.0,18.0,7.0,8.0,14.0,1.0,121.0,82.0,57.0,19.0,18.0,2.0,6.0
2010-560,US Open,Hard,128,G,20100830,64,103819,2.0,,Roger Federer,R,185.0,SUI,29.0595482546,2.0,7215.0,104314,,,Brian Dabul,L,170.0,ARG,26.5133470226,96.0,577.0,6-1 6-4 6-2,5,R128,93.0,18.0,1.0,74.0,49.0,41.0,14.0,13.0,1.0,1.0,0.0,3.0,85.0,57.0,35.0,12.0,12.0,14.0,19.0
2010-560,US Open,Hard,128,G,20100830,96,103819,2.0,,Roger Federer,R,185.0,SUI,29.0595482546,2.0,7215.0,104676,,,Andreas Beck,L,190.0,GER,24.5639972621,104.0,506.0,6-3 6-4 6-3,5,R64,101.0,15.0,0.0,74.0,40.0,32.0,22.0,14.0,1.0,2.0,8.0,11.0,86.0,50.0,34.0,14.0,14.0,5.0,10.0
2010-560,US Open,Hard,128,G,20100830,112,103819,2.0,,Roger Federer,R,185.0,SUI,29.0595482546,2.0,7215.0,103908,,,Paul Henri Mathieu,R,185.0,FRA,28.629705681,109.0,494.0,6-4 6-3 6-3,5,R32,99.0,13.0,0.0,77.0,47.0,40.0,19.0,14.0,4.0,4.0,3.0,3.0,71.0,37.0,28.0,15.0,14.0,2.0,6.0
2010-560,US Open,Hard,128,G,20100830,120,103819,2.0,,Roger Federer,R,185.0,SUI,29.0595482546,2.0,7215.0,103781,13.0,,Jurgen Melzer,L,183.0,AUT,29.273100616,15.0,2470.0,6-3 7-6(4) 6-3,5,R16,123.0,10.0,1.0,105.0,64.0,49.0,25.0,16.0,10.0,12.0,1.0,3.0,96.0,64.0,38.0,18.0,14.0,4.0,8.0
2010-560,US Open,Hard,128,G,20100830,124,103819,2.0,,Roger Federer,R,185.0,SUI,29.0595482546,2.0,7215.0,104417,5.0,,Robin Soderling,R,193.0,SWE,26.0424366872,5.0,4910.0,6-4 6-4 7-5,5,QF,116.0,18.0,2.0,91.0,58.0,50.0,15.0,16.0,4.0,6.0,2.0,4.0,93.0,54.0,36.0,20.0,16.0,1.0,6.0
2010-560,US Open,Hard,128,G,20100830,126,104925,3.0,,Novak Djokovic,R,188.0,SRB,23.2744695414,3.0,6665.0,103819,2.0,,Roger Federer,R,185.0,SUI,29.0595482546,2.0,7215.0,5-7 6-1 5-7 6-2 7-5,5,SF,224.0,4.0,3.0,151.0,94.0,64.0,36.0,26.0,4.0,7.0,12.0,5.0,160.0,84.0,62.0,35.0,25.0,6.0,12.0
2010-580,Australian Open,Hard,128,G,20100118,1,103819,1.0,,Roger Federer,R,185.0,SUI,28.4462696783,1.0,10550.0,104214,,,Igor Andreev,R,185.0,RUS,26.5160848734,37.0,1030.0,4-6 6-2 7-6(2) 6-0,5,R128,164.0,9.0,2.0,102.0,57.0,44.0,22.0,18.0,6.0,11.0,2.0,7.0,136.0,84.0,48.0,19.0,18.0,10.0,19.0
2010-580,Australian Open,Hard,128,G,20100118,65,103819,1.0,,Roger Federer,R,185.0,SUI,28.4462696783,1.0,10550.0,103812,,,Victor Hanescu,R,198.0,ROU,28.4955509925,47.0,905.0,6-2 6-3 6-2,5,R64,99.0,8.0,1.0,73.0,50.0,41.0,14.0,13.0,5.0,5.0,3.0,1.0,87.0,61.0,34.0,12.0,12.0,6.0,11.0
2010-580,Australian Open,Hard,128,G,20100118,97,103819,1.0,,Roger Federer,R,185.0,SUI,28.4462696783,1.0,10550.0,103656,31.0,,Albert Montanes,R,175.0,ESP,29.144421629,32.0,1185.0,6-3 6-4 6-4,5,R32,108.0,10.0,3.0,79.0,52.0,46.0,15.0,15.0,0.0,0.0,7.0,1.0,91.0,55.0,33.0,23.0,14.0,3.0,6.0
2010-580,Australian Open,Hard,128,G,20100118,113,103819,1.0,,Roger Federer,R,185.0,SUI,28.4462696783,1.0,10550.0,103720,22.0,,Lleyton Hewitt,R,180.0,AUS,28.8980150582,22.0,1600.0,6-2 6-3 6-4,5,R16,115.0,7.0,0.0,79.0,50.0,38.0,19.0,14.0,4.0,5.0,5.0,2.0,100.0,61.0,37.0,18.0,13.0,10.0,15.0
2010-580,Australian Open,Hard,128,G,20100118,121,103819,1.0,,Roger Federer,R,185.0,SUI,28.4462696783,1.0,10550.0,103786,6.0,,Nikolay Davydenko,R,178.0,RUS,28.629705681,6.0,4930.0,2-6 6-3 6-0 7-5,5,QF,156.0,8.0,4.0,122.0,73.0,49.0,24.0,18.0,14.0,19.0,1.0,4.0,107.0,66.0,39.0,16.0,17.0,6.0,14.0
2010-580,Australian Open,Hard,128,G,20100118,125,103819,1.0,,Roger Federer,R,185.0,SUI,28.4462696783,1.0,10550.0,104542,10.0,,Jo Wilfried Tsonga,R,188.0,FRA,24.7556468172,10.0,2875.0,6-2 6-3 6-2,5,SF,88.0,4.0,0.0,69.0,44.0,37.0,17.0,13.0,0.0,0.0,6.0,5.0,70.0,42.0,28.0,11.0,12.0,5.0,10.0
2010-580,Australian Open,Hard,128,G,20100118,127,103819,1.0,,Roger Federer,R,185.0,SUI,28.4462696783,1.0,10550.0,104918,5.0,,Andy Murray,R,190.0,GBR,22.6803559206,4.0,6780.0,6-3 6-4 7-6(11),5,F,161.0,11.0,2.0,112.0,75.0,54.0,22.0,16.0,6.0,8.0,10.0,4.0,104.0,58.0,40.0,24.0,15.0,8.0,12.0
2010-520,Roland Garros,Clay,128,G,20100524,1,103819,1.0,,Roger Federer,R,185.0,SUI,28.7912388775,1.0,10030.0,103429,,,Peter Luczak,R,183.0,AUS,30.7296372348,71.0,691.0,6-4 6-1 6-2,5,R128,108.0,7.0,0.0,69.0,49.0,39.0,15.0,13.0,1.0,1.0,6.0,1.0,81.0,46.0,27.0,17.0,12.0,7.0,12.0
2010-520,Roland Garros,Clay,128,G,20100524,65,103819,1.0,,Roger Federer,R,185.0,SUI,28.7912388775,1.0,10030.0,104268,,,Alejandro Falla,L,185.0,COL,26.5242984257,70.0,705.0,7-6(4) 6-2 6-4,5,R64,120.0,6.0,0.0,104.0,65.0,49.0,21.0,15.0,7.0,8.0,3.0,2.0,94.0,64.0,41.0,16.0,15.0,5.0,9.0
2010-520,Roland Garros,Clay,128,G,20100524,97,103819,1.0,,Roger Federer,R,185.0,SUI,28.7912388775,1.0,10030.0,104714,,Q,Julian Reister,R,188.0,GER,24.1423682409,165.0,296.0,6-4 6-0 6-4,5,R32,93.0,6.0,3.0,72.0,41.0,36.0,19.0,13.0,0.0,0.0,1.0,2.0,80.0,61.0,32.0,9.0,13.0,8.0,13.0
2010-520,Roland Garros,Clay,128,G,20100524,113,103819,1.0,,Roger Federer,R,185.0,SUI,28.7912388775,1.0,10030.0,104527,20.0,,Stanislas Wawrinka,R,183.0,SUI,25.1553730322,24.0,1600.0,6-3 7-6(5) 6-2,5,R16,116.0,7.0,0.0,89.0,59.0,43.0,19.0,14.0,3.0,4.0,5.0,4.0,87.0,48.0,38.0,16.0,15.0,3.0,8.0
2010-520,Roland Garros,Clay,128,G,20100524,121,104417,5.0,,Robin Soderling,R,193.0,SWE,25.7741273101,7.0,4755.0,103819,1.0,,Roger Federer,R,185.0,SUI,28.7912388775,1.0,10030.0,3-6 6-3 7-5 6-4,5,QF,150.0,14.0,6.0,126.0,81.0,59.0,25.0,20.0,5.0,7.0,12.0,2.0,119.0,76.0,56.0,23.0,20.0,5.0,9.0
2011-560,US Open,Hard,128,G,20110829,17,103819,3.0,,Roger Federer,R,185.0,SUI,30.0561259411,3.0,8380.0,105053,,,Santiago Giraldo,R,188.0,COL,23.7535934292,54.0,835.0,6-4 6-3 6-2,5,R128,106.0,5.0,3.0,83.0,51.0,36.0,15.0,14.0,0.0,3.0,2.0,2.0,98.0,52.0,32.0,15.0,13.0,11.0,18.0
2011-560,US Open,Hard,128,G,20110829,73,103819,3.0,,Roger Federer,R,185.0,SUI,30.0561259411,3.0,8380.0,104534,,,Dudi Sela,R,175.0,ISR,26.4010951403,93.0,580.0,6-3 6-2 6-2,5,R64,77.0,6.0,1.0,60.0,43.0,38.0,14.0,13.0,0.0,0.0,0.0,1.0,71.0,43.0,25.0,15.0,12.0,6.0,11.0
2011-560,US Open,Hard,128,G,20110829,101,103819,3.0,,Roger Federer,R,185.0,SUI,30.0561259411,3.0,8380.0,105227,27.0,,Marin Cilic,R,198.0,CRO,22.9158110883,28.0,1375.0,6-3 4-6 6-4 6-2,5,R32,160.0,6.0,3.0,108.0,63.0,47.0,28.0,19.0,7.0,9.0,12.0,5.0,119.0,57.0,39.0,32.0,18.0,8.0,14.0
2011-560,US Open,Hard,128,G,20110829,115,103819,3.0,,Roger Federer,R,185.0,SUI,30.0561259411,3.0,8380.0,104338,,,Juan Monaco,R,185.0,ARG,27.4168377823,36.0,1170.0,6-1 6-2 6-0,5,R16,82.0,14.0,1.0,59.0,39.0,33.0,13.0,11.0,0.0,0.0,1.0,2.0,68.0,45.0,18.0,11.0,10.0,7.0,14.0
2011-560,US Open,Hard,128,G,20110829,122,103819,3.0,,Roger Federer,R,185.0,SUI,30.0561259411,3.0,8380.0,104542,11.0,,Jo Wilfried Tsonga,R,188.0,FRA,26.3655030801,11.0,2350.0,6-4 6-3 6-3,5,QF,113.0,5.0,2.0,86.0,61.0,47.0,11.0,14.0,1.0,3.0,5.0,2.0,85.0,45.0,31.0,16.0,14.0,7.0,13.0
2011-560,US Open,Hard,128,G,20110829,125,104925,1.0,,Novak Djokovic,R,188.0,SRB,24.2710472279,1.0,13920.0,103819,3.0,,Roger Federer,R,185.0,SUI,30.0561259411,3.0,8380.0,6-7(7) 4-6 6-3 6-2 7-5,5,SF,231.0,8.0,6.0,140.0,82.0,68.0,32.0,26.0,2.0,5.0,11.0,4.0,164.0,101.0,68.0,35.0,25.0,6.0,12.0
2011-580,Australian Open,Hard,128,G,20110117,64,103819,2.0,,Roger Federer,R,185.0,SUI,29.4428473648,2.0,9245.0,105041,,,Lukas Lacko,R,185.0,SVK,23.2060232717,97.0,553.0,6-1 6-1 6-3,5,R128,84.0,8.0,1.0,59.0,38.0,33.0,14.0,12.0,0.0,1.0,3.0,1.0,83.0,56.0,33.0,6.0,11.0,7.0,14.0
2011-580,Australian Open,Hard,128,G,20110117,96,103819,2.0,,Roger Federer,R,185.0,SUI,29.4428473648,2.0,9245.0,104468,,,Gilles Simon,R,183.0,FRA,26.0561259411,34.0,1210.0,6-2 6-3 4-6 4-6 6-3,5,R64,193.0,11.0,1.0,126.0,77.0,61.0,21.0,23.0,4.0,9.0,8.0,5.0,155.0,88.0,49.0,37.0,23.0,10.0,18.0
2011-580,Australian Open,Hard,128,G,20110117,112,103819,2.0,,Roger Federer,R,185.0,SUI,29.4428473648,2.0,9245.0,103598,,,Xavier Malisse,R,185.0,BEL,30.4969199179,45.0,956.0,6-3 6-3 6-1,5,R32,105.0,6.0,1.0,83.0,50.0,35.0,17.0,13.0,1.0,3.0,4.0,2.0,85.0,51.0,27.0,12.0,12.0,10.0,17.0
2011-580,Australian Open,Hard,128,G,20110117,120,103819,2.0,,Roger Federer,R,185.0,SUI,29.4428473648,2.0,9245.0,103990,,,Tommy Robredo,R,180.0,ESP,28.7145790554,52.0,890.0,6-3 3-6 6-3 6-2,5,R16,145.0,11.0,1.0,105.0,73.0,58.0,19.0,18.0,1.0,2.0,7.0,1.0,109.0,68.0,49.0,20.0,17.0,6.0,10.0
2011-580,Australian Open,Hard,128,G,20110117,124,103819,2.0,,Roger Federer,R,185.0,SUI,29.4428473648,2.0,9245.0,104527,19.0,,Stanislas Wawrinka,R,183.0,SUI,25.8069815195,19.0,1855.0,6-1 6-3 6-3,5,QF,107.0,5.0,0.0,75.0,58.0,42.0,13.0,13.0,1.0,1.0,1.0,0.0,81.0,47.0,27.0,19.0,12.0,2.0,6.0
2011-580,Australian Open,Hard,128,G,20110117,126,104925,3.0,,Novak Djokovic,R,188.0,SRB,23.6577686516,3.0,6240.0,103819,2.0,,Roger Federer,R,185.0,SUI,29.4428473648,2.0,9245.0,7-6(3) 7-5 6-4,5,SF,180.0,6.0,5.0,125.0,86.0,63.0,16.0,17.0,7.0,10.0,5.0,0.0,105.0,62.0,45.0,20.0,17.0,9.0,14.0
2011-540,Wimbledon,Grass,128,G,20110620,48,103819,3.0,,Roger Federer,R,185.0,SUI,29.864476386,3.0,9230.0,105062,,,Mikhail Kukushkin,R,183.0,KAZ,23.4825462012,61.0,852.0,7-6(2) 6-4 6-2,5,R128,102.0,12.0,1.0,80.0,57.0,51.0,17.0,15.0,3.0,3.0,4.0,1.0,93.0,61.0,41.0,18.0,15.0,4.0,7.0
2011-540,Wimbledon,Grass,128,G,20110620,88,103819,3.0,,Roger Federer,R,185.0,SUI,29.864476386,3.0,9230.0,105173,,,Adrian Mannarino,L,183.0,FRA,22.9733059548,55.0,923.0,6-2 6-3 6-2,5,R64,88.0,11.0,0.0,64.0,41.0,35.0,18.0,13.0,3.0,3.0,0.0,1.0,75.0,44.0,24.0,15.0,12.0,5.0,10.0
2011-540,Wimbledon,Grass,128,G,20110620,108,103819,3.0,,Roger Federer,R,185.0,SUI,29.864476386,3.0,9230.0,103900,28.0,,David Nalbandian,R,180.0,ARG,29.4647501711,23.0,1425.0,6-4 6-2 6-4,5,R32,106.0,14.0,0.0,89.0,63.0,49.0,14.0,14.0,2.0,3.0,5.0,3.0,85.0,52.0,34.0,16.0,14.0,2.0,7.0
2011-540,Wimbledon,Grass,128,G,20110620,118,103819,3.0,,Roger Federer,R,185.0,SUI,29.864476386,3.0,9230.0,104022,18.0,,Mikhail Youzhny,R,183.0,RUS,28.9856262834,17.0,1740.0,6-7(5) 6-3 6-3 6-3,5,R16,182.0,14.0,1.0,114.0,71.0,60.0,22.0,19.0,6.0,7.0,6.0,6.0,140.0,89.0,58.0,22.0,20.0,8.0,14.0
2011-540,Wimbledon,Grass,128,G,20110620,123,104542,12.0,,Jo Wilfried Tsonga,R,188.0,FRA,26.173853525,19.0,1585.0,103819,3.0,,Roger Federer,R,185.0,SUI,29.864476386,3.0,9230.0,3-6 6-7(3) 6-4 6-4 6-4,5,QF,188.0,18.0,4.0,145.0,102.0,74.0,29.0,25.0,0.0,1.0,17.0,1.0,137.0,103.0,80.0,24.0,26.0,6.0,9.0
2011-520,Roland Garros,Clay,128,G,20110522,48,103819,3.0,,Roger Federer,R,185.0,SUI,29.787816564,3.0,8390.0,103852,,,Feliciano Lopez,L,188.0,ESP,29.6700889802,41.0,1065.0,6-3 6-4 7-6(3),5,R128,119.0,12.0,0.0,89.0,56.0,48.0,20.0,16.0,0.0,0.0,7.0,3.0,99.0,63.0,41.0,22.0,15.0,7.0,9.0
2011-520,Roland Garros,Clay,128,G,20110522,88,103819,3.0,,Roger Federer,R,185.0,SUI,29.787816564,3.0,8390.0,105270,,WC,Maxime Teixeira,R,,FRA,22.340862423,181.0,300.0,6-3 6-0 6-2,5,R64,84.0,7.0,0.0,63.0,44.0,36.0,12.0,12.0,0.0,1.0,0.0,3.0,73.0,39.0,20.0,14.0,11.0,6.0,13.0
2011-520,Roland Garros,Clay,128,G,20110522,108,103819,3.0,,Roger Federer,R,185.0,SUI,29.787816564,3.0,8390.0,104386,29.0,,Janko Tipsarevic,R,180.0,SRB,26.9158110883,32.0,1225.0,6-1 6-4 6-3,5,R32,90.0,10.0,2.0,76.0,51.0,43.0,14.0,13.0,1.0,1.0,1.0,1.0,71.0,36.0,28.0,13.0,13.0,1.0,6.0
2011-520,Roland Garros,Clay,128,G,20110522,118,103819,3.0,,Roger Federer,R,185.0,SUI,29.787816564,3.0,8390.0,104527,14.0,,Stanislas Wawrinka,R,183.0,SUI,26.1519507187,14.0,1920.0,6-3 6-2 7-5,5,R16,106.0,8.0,2.0,77.0,49.0,40.0,18.0,15.0,1.0,2.0,5.0,1.0,83.0,59.0,38.0,11.0,14.0,1.0,6.0
2011-520,Roland Garros,Clay,128,G,20110522,123,103819,3.0,,Roger Federer,R,185.0,SUI,29.787816564,3.0,8390.0,104792,9.0,,Gael Monfils,R,193.0,FRA,24.7227926078,9.0,2465.0,6-4 6-3 7-6(3),5,QF,154.0,4.0,3.0,88.0,47.0,36.0,25.0,16.0,1.0,4.0,4.0,11.0,133.0,87.0,54.0,19.0,15.0,11.0,16.0
2011-520,Roland Garros,Clay,128,G,20110522,126,103819,3.0,,Roger Federer,R,185.0,SUI,29.787816564,3.0,8390.0,104925,2.0,,Novak Djokovic,R,188.0,SRB,24.0027378508,2.0,11665.0,7-6(5) 6-3 3-6 7-6(5),5,SF,219.0,18.0,2.0,141.0,91.0,70.0,25.0,21.0,9.0,13.0,7.0,2.0,168.0,112.0,67.0,34.0,21.0,21.0,25.0
2011-520,Roland Garros,Clay,128,G,20110522,127,104745,1.0,,Rafael Nadal,L,185.0,ESP,24.9691991786,1.0,12070.0,103819,3.0,,Roger Federer,R,185.0,SUI,29.787816564,3.0,8390.0,7-5 7-6(3) 5-7 6-1,5,F,220.0,4.0,3.0,147.0,106.0,69.0,21.0,22.0,10.0,15.0,11.0,1.0,126.0,80.0,55.0,18.0,21.0,8.0,15.0
2012-540,Wimbledon,Grass,128,G,20120625,17,103819,3.0,,Roger Federer,R,185.0,SUI,30.8802190281,3.0,9435.0,105077,,,Albert Ramos,L,188.0,ESP,24.4380561259,43.0,935.0,6-1 6-1 6-1,5,R128,79.0,9.0,1.0,58.0,40.0,29.0,13.0,11.0,1.0,2.0,0.0,5.0,80.0,46.0,21.0,10.0,10.0,10.0,18.0
2012-540,Wimbledon,Grass,128,G,20120625,73,103819,3.0,,Roger Federer,R,185.0,SUI,30.8802190281,3.0,9435.0,104926,,,Fabio Fognini,R,178.0,ITA,25.0896646133,68.0,695.0,6-1 6-3 6-2,5,R64,74.0,13.0,2.0,60.0,41.0,37.0,11.0,12.0,0.0,0.0,1.0,0.0,73.0,54.0,29.0,8.0,12.0,2.0,8.0
2012-540,Wimbledon,Grass,128,G,20120625,101,103819,3.0,,Roger Federer,R,185.0,SUI,30.8802190281,3.0,9435.0,103898,29.0,,Julien Benneteau,R,185.0,FRA,30.5133470226,32.0,1210.0,4-6 6-7(3) 6-2 7-6(6) 6-1,5,R32,214.0,14.0,4.0,156.0,101.0,80.0,31.0,25.0,4.0,6.0,15.0,10.0,168.0,115.0,79.0,27.0,24.0,8.0,13.0
2012-540,Wimbledon,Grass,128,G,20120625,115,103819,3.0,,Roger Federer,R,185.0,SUI,30.8802190281,3.0,9435.0,103598,,,Xavier Malisse,R,185.0,BEL,31.9342915811,75.0,651.0,7-6(1) 6-1 4-6 6-3,5,R16,131.0,9.0,1.0,117.0,82.0,60.0,20.0,19.0,8.0,11.0,9.0,2.0,111.0,79.0,53.0,9.0,19.0,1.0,7.0
2012-540,Wimbledon,Grass,128,G,20120625,122,103819,3.0,,Roger Federer,R,185.0,SUI,30.8802190281,3.0,9435.0,104022,26.0,,Mikhail Youzhny,R,183.0,RUS,30.0013689254,33.0,1210.0,6-1 6-2 6-2,5,QF,92.0,2.0,0.0,66.0,41.0,36.0,13.0,12.0,2.0,2.0,3.0,2.0,82.0,53.0,27.0,15.0,11.0,14.0,20.0
2012-540,Wimbledon,Grass,128,G,20120625,125,103819,3.0,,Roger Federer,R,185.0,SUI,30.8802190281,3.0,9435.0,104925,1.0,,Novak Djokovic,R,188.0,SRB,25.0951403149,1.0,12280.0,6-3 3-6 6-4 6-3,5,SF,139.0,12.0,0.0,101.0,65.0,49.0,26.0,19.0,2.0,3.0,9.0,2.0,115.0,73.0,52.0,24.0,18.0,8.0,11.0
2012-540,Wimbledon,Grass,128,G,20120625,127,103819,3.0,,Roger Federer,R,185.0,SUI,30.8802190281,3.0,9435.0,104918,4.0,,Andy Murray,R,190.0,GBR,25.1143052704,4.0,6980.0,4-6 7-5 6-3 6-4,5,F,204.0,12.0,3.0,131.0,90.0,68.0,20.0,21.0,5.0,7.0,16.0,1.0,157.0,88.0,61.0,33.0,20.0,8.0,12.0
2012-520,Roland Garros,Clay,128,G,20120527,17,103819,3.0,,Roger Federer,R,185.0,SUI,30.803559206,3.0,9790.0,104735,,,Tobias Kamke,R,180.0,GER,26.0205338809,78.0,648.0,6-2 7-5 6-3,5,R128,117.0,7.0,5.0,101.0,60.0,40.0,21.0,14.0,4.0,7.0,2.0,8.0,97.0,58.0,36.0,10.0,15.0,8.0,16.0
2012-520,Roland Garros,Clay,128,G,20120527,73,103819,3.0,,Roger Federer,R,185.0,SUI,30.803559206,3.0,9790.0,104494,,,Adrian Ungur,R,178.0,ROU,27.3374401095,92.0,597.0,6-3 6-2 6-7(6) 6-3,5,R64,147.0,15.0,1.0,130.0,83.0,65.0,31.0,20.0,6.0,6.0,5.0,7.0,124.0,79.0,56.0,25.0,18.0,8.0,12.0
2012-520,Roland Garros,Clay,128,G,20120527,101,103819,3.0,,Roger Federer,R,185.0,SUI,30.803559206,3.0,9790.0,103917,,,Nicolas Mahut,R,190.0,FRA,30.3490759754,89.0,604.0,6-3 4-6 6-2 7-5,5,R32,157.0,7.0,3.0,104.0,60.0,49.0,29.0,20.0,1.0,3.0,2.0,2.0,128.0,84.0,53.0,21.0,19.0,9.0,14.0
2012-520,Roland Garros,Clay,128,G,20120527,115,103819,3.0,,Roger Federer,R,185.0,SUI,30.803559206,3.0,9790.0,105676,,LL,David Goffin,R,163.0,BEL,21.4729637235,109.0,500.0,5-7 7-5 6-2 6-4,5,R16,174.0,12.0,1.0,125.0,76.0,62.0,31.0,21.0,7.0,8.0,4.0,8.0,150.0,87.0,56.0,37.0,21.0,9.0,13.0
2012-520,Roland Garros,Clay,128,G,20120527,122,103819,3.0,,Roger Federer,R,185.0,SUI,30.803559206,3.0,9790.0,105223,9.0,,Juan Martin Del Potro,R,198.0,ARG,23.6769336071,9.0,2910.0,3-6 6-7(4) 6-2 6-0 6-3,5,QF,194.0,11.0,1.0,138.0,80.0,55.0,35.0,23.0,6.0,10.0,6.0,4.0,135.0,80.0,59.0,17.0,21.0,10.0,18.0
2012-520,Roland Garros,Clay,128,G,20120527,125,104925,1.0,,Novak Djokovic,R,188.0,SRB,25.0184804928,1.0,11800.0,103819,3.0,,Roger Federer,R,185.0,SUI,30.803559206,3.0,9790.0,6-4 7-5 6-3,5,SF,125.0,6.0,2.0,91.0,62.0,45.0,14.0,16.0,4.0,8.0,9.0,3.0,86.0,48.0,27.0,17.0,15.0,3.0,10.0
2012-580,Australian Open,Hard,128,G,20120116,48,103819,3.0,,Roger Federer,R,185.0,SUI,30.4394250513,3.0,8010.0,104628,,Q,Alexander Kudryavtsev,R,183.0,RUS,26.2231348392,172.0,290.0,7-5 6-2 6-2,5,R128,98.0,14.0,2.0,87.0,56.0,44.0,18.0,14.0,3.0,4.0,4.0,4.0,89.0,36.0,23.0,22.0,14.0,7.0,13.0
2012-580,Australian Open,Hard,128,G,20120116,88,103819,3.0,,Roger Federer,R,185.0,SUI,30.4394250513,3.0,8010.0,104676,,,Andreas Beck,L,190.0,GER,25.9438740589,93.0,592.0,W/O,5,R64,,,,,,,,,,,,,,,,,,,
2012-580,Australian Open,Hard,128,G,20120116,108,103819,3.0,,Roger Federer,R,185.0,SUI,30.4394250513,3.0,8010.0,103333,,,Ivo Karlovic,R,208.0,CRO,32.8815879535,57.0,842.0,7-6(6) 7-5 6-3,5,R32,137.0,9.0,0.0,99.0,61.0,49.0,28.0,17.0,2.0,2.0,15.0,3.0,119.0,83.0,63.0,13.0,16.0,4.0,6.0
2012-580,Australian Open,Hard,128,G,20120116,118,103819,3.0,,Roger Federer,R,185.0,SUI,30.4394250513,3.0,8010.0,106071,,,Bernard Tomic,R,193.0,AUS,19.2361396304,38.0,1048.0,6-4 6-2 6-2,5,R16,104.0,13.0,3.0,76.0,44.0,37.0,18.0,13.0,4.0,5.0,0.0,2.0,95.0,71.0,39.0,10.0,13.0,4.0,10.0
2012-580,Australian Open,Hard,128,G,20120116,123,103819,3.0,,Roger Federer,R,185.0,SUI,30.4394250513,3.0,8010.0,105223,11.0,,Juan Martin Del Potro,R,198.0,ARG,23.3127994524,11.0,2315.0,6-4 6-3 6-2,5,QF,119.0,4.0,1.0,77.0,44.0,39.0,19.0,14.0,5.0,6.0,5.0,3.0,87.0,58.0,33.0,16.0,13.0,3.0,8.0
2012-580,Australian Open,Hard,128,G,20120116,126,104745,2.0,,Rafael Nadal,L,185.0,ESP,25.620807666,2.0,9595.0,103819,3.0,,Roger Federer,R,185.0,SUI,30.4394250513,3.0,8010.0,6-7(5) 6-2 7-6(5) 6-4,5,SF,222.0,4.0,1.0,141.0,109.0,75.0,20.0,21.0,7.0,10.0,11.0,5.0,135.0,86.0,57.0,27.0,21.0,10.0,16.0
2012-560,US Open,Hard,128,G,20120827,1,103819,1.0,,Roger Federer,R,185.0,SUI,31.0527036277,1.0,12165.0,105385,,,Donald Young,L,183.0,USA,23.0965092402,81.0,630.0,6-3 6-2 6-4,5,R128,94.0,7.0,2.0,76.0,54.0,45.0,13.0,14.0,1.0,2.0,0.0,3.0,79.0,55.0,31.0,11.0,13.0,4.0,9.0
2012-560,US Open,Hard,128,G,20120827,65,103819,1.0,,Roger Federer,R,185.0,SUI,31.0527036277,1.0,12165.0,103451,,,Bjorn Phau,R,175.0,GER,32.8980150582,83.0,615.0,6-2 6-3 6-2,5,R64,90.0,15.0,1.0,76.0,52.0,41.0,15.0,13.0,1.0,1.0,2.0,7.0,74.0,40.0,26.0,14.0,12.0,7.0,12.0
2012-560,US Open,Hard,128,G,20120827,97,103819,1.0,,Roger Federer,R,185.0,SUI,31.0527036277,1.0,12165.0,104269,25.0,,Fernando Verdasco,L,188.0,ESP,28.7830253251,26.0,1525.0,6-3 6-4 6-4,5,R32,122.0,7.0,1.0,82.0,56.0,49.0,16.0,15.0,1.0,1.0,6.0,10.0,95.0,60.0,44.0,14.0,14.0,5.0,8.0
2012-560,US Open,Hard,128,G,20120827,113,103819,1.0,,Roger Federer,R,185.0,SUI,31.0527036277,1.0,12165.0,103888,23.0,,Mardy Fish,R,188.0,USA,30.7159479808,25.0,1535.0, W/O,5,R16,,,,,,,,,,,,,,,,,,,
2012-560,US Open,Hard,128,G,20120827,121,104607,6.0,,Tomas Berdych,R,196.0,CZE,26.9431895962,7.0,4200.0,103819,1.0,,Roger Federer,R,185.0,SUI,31.0527036277,1.0,12165.0,7-6(1) 6-4 3-6 6-3,5,QF,162.0,14.0,3.0,110.0,65.0,52.0,23.0,20.0,2.0,6.0,7.0,3.0,115.0,73.0,52.0,19.0,20.0,6.0,11.0
2013-540,Wimbledon,Grass,128,G,20130624,48,103819,3.0,,Roger Federer,R,185.0,SUI,31.8767967146,3.0,7740.0,103812,,,Victor Hanescu,R,198.0,ROU,31.9260780287,48.0,895.0,6-3 6-2 6-0,5,R128,69.0,7.0,0.0,56.0,39.0,35.0,14.0,12.0,0.0,0.0,3.0,1.0,61.0,52.0,26.0,3.0,11.0,2.0,8.0
2013-540,Wimbledon,Grass,128,G,20130624,88,104660,,,Sergiy Stakhovsky,R,193.0,UKR,27.4633812457,116.0,488.0,103819,3.0,,Roger Federer,R,185.0,SUI,31.8767967146,3.0,7740.0,6-7(5) 7-6(5) 7-5 7-6(5),5,R64,180.0,17.0,2.0,165.0,109.0,83.0,36.0,24.0,7.0,8.0,16.0,1.0,158.0,114.0,91.0,24.0,24.0,5.0,7.0
2013-560,US Open,Hard,128,G,20130826,49,103819,7.0,,Roger Federer,R,185.0,SUI,32.0492813142,7.0,4695.0,104813,,,Grega Zemlja,R,183.0,SLO,26.9075975359,62.0,771.0,6-3 6-2 7-5,5,R128,93.0,12.0,2.0,80.0,49.0,42.0,20.0,15.0,2.0,3.0,8.0,9.0,88.0,43.0,29.0,18.0,14.0,6.0,11.0
2013-560,US Open,Hard,128,G,20130826,89,103819,7.0,,Roger Federer,R,185.0,SUI,32.0492813142,7.0,4695.0,104122,,,Carlos Berlocq,R,183.0,ARG,30.559890486,48.0,905.0,6-3 6-2 6-1,5,R64,95.0,6.0,2.0,69.0,36.0,27.0,22.0,12.0,2.0,3.0,1.0,2.0,83.0,70.0,36.0,2.0,12.0,6.0,13.0
2013-560,US Open,Hard,128,G,20130826,109,103819,7.0,,Roger Federer,R,185.0,SUI,32.0492813142,7.0,4695.0,105173,,,Adrian Mannarino,L,183.0,FRA,25.158110883,63.0,756.0,6-3 6-0 6-2,5,R32,81.0,8.0,4.0,69.0,39.0,36.0,15.0,12.0,1.0,1.0,1.0,0.0,75.0,48.0,27.0,9.0,11.0,8.0,14.0
2013-560,US Open,Hard,128,G,20130826,119,103990,19.0,,Tommy Robredo,R,180.0,ESP,31.3210130048,22.0,1620.0,103819,7.0,,Roger Federer,R,185.0,SUI,32.0492813142,7.0,4695.0,7-6(3) 6-3 6-4,5,R16,144.0,6.0,4.0,125.0,88.0,61.0,17.0,16.0,14.0,16.0,5.0,0.0,86.0,52.0,38.0,16.0,15.0,3.0,7.0
2013-580,Australian Open,Hard,128,G,20130114,64,103819,2.0,,Roger Federer,R,185.0,SUI,31.4360027379,2.0,10265.0,105332,,,Benoit Paire,R,196.0,FRA,23.6878850103,46.0,900.0,6-2 6-4 6-1,5,R128,83.0,3.0,0.0,69.0,45.0,38.0,14.0,12.0,3.0,3.0,8.0,8.0,89.0,54.0,35.0,11.0,13.0,6.0,12.0
2013-580,Australian Open,Hard,128,G,20130114,96,103819,2.0,,Roger Federer,R,185.0,SUI,31.4360027379,2.0,10265.0,103786,,,Nikolay Davydenko,R,178.0,RUS,31.6194387406,40.0,1015.0,6-3 6-4 6-4,5,R64,119.0,9.0,2.0,91.0,62.0,47.0,19.0,15.0,0.0,0.0,9.0,3.0,106.0,70.0,44.0,17.0,14.0,10.0,13.0
2013-580,Australian Open,Hard,128,G,20130114,112,103819,2.0,,Roger Federer,R,185.0,SUI,31.4360027379,2.0,10265.0,106071,,,Bernard Tomic,R,193.0,AUS,20.2327173169,43.0,985.0,6-4 7-6(5) 6-1,5,R32,118.0,11.0,4.0,95.0,67.0,59.0,12.0,15.0,1.0,1.0,8.0,2.0,121.0,84.0,57.0,15.0,14.0,13.0,16.0
2013-580,Australian Open,Hard,128,G,20130114,120,103819,2.0,,Roger Federer,R,185.0,SUI,31.4360027379,2.0,10265.0,105683,13.0,,Milos Raonic,R,196.0,CAN,22.0506502396,15.0,2175.0,6-4 7-6(4) 6-2,5,R16,113.0,14.0,1.0,78.0,50.0,45.0,21.0,15.0,0.0,0.0,19.0,5.0,96.0,63.0,44.0,17.0,15.0,4.0,7.0
2013-580,Australian Open,Hard,128,G,20130114,124,103819,2.0,,Roger Federer,R,185.0,SUI,31.4360027379,2.0,10265.0,104542,7.0,,Jo Wilfried Tsonga,R,188.0,FRA,27.7453798768,8.0,3375.0,7-6(4) 4-6 7-6(4) 3-6 6-3,5,QF,214.0,6.0,3.0,158.0,98.0,76.0,33.0,26.0,4.0,9.0,20.0,1.0,175.0,117.0,88.0,27.0,26.0,14.0,18.0
2013-580,Australian Open,Hard,128,G,20130114,126,104918,3.0,,Andy Murray,R,190.0,GBR,25.6700889802,3.0,8000.0,103819,2.0,,Roger Federer,R,185.0,SUI,31.4360027379,2.0,10265.0,6-4 6-7(5) 6-3 6-7(2) 6-2,5,SF,240.0,21.0,0.0,157.0,100.0,75.0,36.0,26.0,4.0,6.0,5.0,2.0,171.0,106.0,77.0,28.0,25.0,10.0,16.0
2013-520,Roland Garros,Clay,128,G,20130527,64,103819,2.0,,Roger Federer,R,185.0,SUI,31.8001368925,3.0,8000.0,105807,,Q,Pablo Carreno Busta,R,,ESP,21.8754277892,164.0,316.0,6-2 6-2 6-3,5,R128,80.0,10.0,0.0,59.0,40.0,33.0,14.0,12.0,2.0,3.0,1.0,3.0,79.0,49.0,27.0,11.0,13.0,0.0,7.0
2013-520,Roland Garros,Clay,128,G,20130527,96,103819,2.0,,Roger Federer,R,185.0,SUI,31.8001368925,3.0,8000.0,104500,,Q,Somdev Devvarman,R,180.0,IND,28.2819986311,188.0,269.0,6-2 6-1 6-1,5,R64,82.0,3.0,0.0,65.0,40.0,30.0,18.0,11.0,3.0,3.0,2.0,0.0,75.0,46.0,19.0,16.0,11.0,7.0,14.0
2013-520,Roland Garros,Clay,128,G,20130527,112,103819,2.0,,Roger Federer,R,185.0,SUI,31.8001368925,3.0,8000.0,103898,30.0,,Julien Benneteau,R,185.0,FRA,31.4332648871,32.0,1200.0,6-3 6-4 7-5,5,R32,91.0,7.0,0.0,79.0,51.0,42.0,22.0,16.0,2.0,3.0,2.0,1.0,83.0,68.0,41.0,8.0,15.0,0.0,4.0
2013-520,Roland Garros,Clay,128,G,20130527,120,103819,2.0,,Roger Federer,R,185.0,SUI,31.8001368925,3.0,8000.0,104468,15.0,,Gilles Simon,R,183.0,FRA,28.4134154689,18.0,1895.0,6-1 4-6 2-6 6-2 6-3,5,R16,179.0,9.0,2.0,117.0,75.0,56.0,23.0,21.0,3.0,6.0,5.0,3.0,161.0,98.0,65.0,28.0,21.0,8.0,14.0
2013-520,Roland Garros,Clay,128,G,20130527,124,104542,6.0,,Jo Wilfried Tsonga,R,188.0,FRA,28.1095140315,8.0,3795.0,103819,2.0,,Roger Federer,R,185.0,SUI,31.8001368925,3.0,8000.0,7-5 6-3 6-3,5,QF,111.0,2.0,0.0,76.0,57.0,46.0,10.0,15.0,1.0,3.0,0.0,3.0,100.0,67.0,39.0,14.0,15.0,8.0,14.0
2014-580,Australian Open,Hard,128,G,20140113,32,103819,6.0,,Roger Federer,R,185.0,SUI,32.4325804244,6.0,4355.0,105902,,WC,James Duckworth,R,183.0,AUS,21.9794661191,133.0,425.0,6-4 6-4 6-2,5,R128,106.0,11.0,5.0,78.0,45.0,40.0,19.0,14.0,1.0,1.0,13.0,3.0,92.0,48.0,36.0,19.0,14.0,13.0,17.0
2014-580,Australian Open,Hard,128,G,20140113,80,103819,6.0,,Roger Federer,R,185.0,SUI,32.4325804244,6.0,4355.0,104882,,,Blaz Kavcic,R,188.0,SLO,26.8610540726,99.0,559.0,6-2 6-1 7-6(4),5,R64,107.0,11.0,0.0,76.0,58.0,45.0,9.0,13.0,1.0,2.0,6.0,3.0,99.0,61.0,32.0,18.0,14.0,5.0,11.0
2014-580,Australian Open,Hard,128,G,20140113,104,103819,6.0,,Roger Federer,R,185.0,SUI,32.4325804244,6.0,4355.0,104559,,,Teymuraz Gabashvili,R,188.0,RUS,28.643394935,79.0,651.0,6-2 6-2 6-3,5,R32,101.0,6.0,1.0,73.0,45.0,39.0,16.0,13.0,5.0,5.0,3.0,5.0,91.0,63.0,38.0,10.0,12.0,9.0,14.0
2014-580,Australian Open,Hard,128,G,20140113,116,103819,6.0,,Roger Federer,R,185.0,SUI,32.4325804244,6.0,4355.0,104542,10.0,,Jo Wilfried Tsonga,R,188.0,FRA,28.7419575633,10.0,3065.0,6-3 7-5 6-4,5,R16,112.0,7.0,1.0,84.0,48.0,42.0,25.0,16.0,1.0,1.0,8.0,1.0,88.0,46.0,32.0,23.0,15.0,4.0,7.0
2014-580,Australian Open,Hard,128,G,20140113,122,103819,6.0,,Roger Federer,R,185.0,SUI,32.4325804244,6.0,4355.0,104918,4.0,,Andy Murray,R,190.0,GBR,26.6666666667,4.0,5560.0,6-3 6-4 6-7(6) 6-3,5,QF,200.0,10.0,0.0,122.0,78.0,60.0,29.0,21.0,1.0,2.0,9.0,1.0,146.0,89.0,60.0,28.0,19.0,13.0,17.0
2014-580,Australian Open,Hard,128,G,20140113,125,104745,1.0,,Rafael Nadal,L,185.0,ESP,27.613963039,1.0,13130.0,103819,6.0,,Roger Federer,R,185.0,SUI,32.4325804244,6.0,4355.0,7-6(4) 6-3 6-3,5,SF,144.0,3.0,1.0,86.0,56.0,41.0,22.0,15.0,1.0,2.0,8.0,1.0,105.0,69.0,45.0,18.0,15.0,10.0,14.0
2014-520,Roland Garros,Clay,128,G,20140526,48,103819,4.0,,Roger Federer,R,185.0,SUI,32.7967145791,4.0,5125.0,105041,,,Lukas Lacko,R,185.0,SVK,26.559890486,87.0,617.0,6-2 6-4 6-2,5,R128,84.0,7.0,1.0,61.0,44.0,39.0,13.0,13.0,0.0,0.0,3.0,5.0,91.0,57.0,32.0,18.0,13.0,6.0,11.0
2014-520,Roland Garros,Clay,128,G,20140526,88,103819,4.0,,Roger Federer,R,185.0,SUI,32.7967145791,4.0,5125.0,106043,,Q,Diego Sebastian Schwartzman,R,,ARG,21.7741273101,109.0,533.0,6-3 6-4 6-4,5,R64,103.0,9.0,2.0,81.0,51.0,42.0,17.0,15.0,1.0,2.0,1.0,4.0,95.0,51.0,30.0,24.0,14.0,6.0,10.0
2014-520,Roland Garros,Clay,128,G,20140526,108,103819,4.0,,Roger Federer,R,185.0,SUI,32.7967145791,4.0,5125.0,104098,31.0,,Dmitry Tursunov,R,185.0,RUS,31.4524298426,32.0,1155.0,7-5 6-7(7) 6-2 6-4,5,R32,187.0,15.0,1.0,120.0,81.0,65.0,27.0,21.0,2.0,2.0,6.0,5.0,159.0,98.0,67.0,31.0,21.0,17.0,21.0
2014-520,Roland Garros,Clay,128,G,20140526,118,105208,18.0,,Ernests Gulbis,R,190.0,LAT,25.735797399,17.0,2050.0,103819,4.0,,Roger Federer,R,185.0,SUI,32.7967145791,4.0,5125.0,6-7(5) 7-6(3) 6-2 4-6 6-3,5,R16,222.0,13.0,4.0,154.0,93.0,65.0,37.0,26.0,2.0,7.0,7.0,3.0,161.0,102.0,70.0,30.0,25.0,5.0,12.0
2014-540,Wimbledon,Grass,128,G,20140623,48,103819,4.0,,Roger Federer,R,185.0,SUI,32.8733744011,4.0,4945.0,103893,,,Paolo Lorenzi,R,183.0,ITA,32.5201916496,83.0,653.0,6-1 6-1 6-3,5,R128,93.0,9.0,1.0,69.0,48.0,37.0,15.0,12.0,5.0,5.0,4.0,3.0,98.0,49.0,30.0,17.0,11.0,17.0,23.0
2014-540,Wimbledon,Grass,128,G,20140623,88,103819,4.0,,Roger Federer,R,185.0,SUI,32.8733744011,4.0,4945.0,104180,,Q,Gilles Muller,L,193.0,LUX,31.1238877481,103.0,555.0,6-3 7-5 6-3,5,R64,94.0,25.0,1.0,69.0,53.0,48.0,12.0,15.0,0.0,0.0,12.0,5.0,92.0,62.0,46.0,11.0,15.0,2.0,6.0
2014-540,Wimbledon,Grass,128,G,20140623,108,103819,4.0,,Roger Federer,R,185.0,SUI,32.8733744011,4.0,4945.0,105053,,,Santiago Giraldo,R,188.0,COL,26.5708418891,35.0,1118.0,6-3 6-1 6-3,5,R32,81.0,8.0,1.0,73.0,50.0,42.0,12.0,13.0,2.0,2.0,0.0,4.0,85.0,61.0,37.0,8.0,12.0,4.0,9.0
2014-540,Wimbledon,Grass,128,G,20140623,118,103819,4.0,,Roger Federer,R,185.0,SUI,32.8733744011,4.0,4945.0,103990,23.0,,Tommy Robredo,R,180.0,ESP,32.1451060917,22.0,1630.0,6-1 6-4 6-4,5,R16,94.0,11.0,0.0,75.0,42.0,37.0,24.0,14.0,1.0,1.0,3.0,1.0,87.0,61.0,36.0,13.0,13.0,9.0,13.0
2014-540,Wimbledon,Grass,128,G,20140623,123,103819,4.0,,Roger Federer,R,185.0,SUI,32.8733744011,4.0,4945.0,104527,5.0,,Stanislas Wawrinka,R,183.0,SUI,29.2375085558,3.0,5420.0,3-6 7-6(5) 6-4 6-4,5,QF,153.0,10.0,1.0,119.0,77.0,61.0,29.0,20.0,3.0,4.0,9.0,1.0,124.0,74.0,57.0,31.0,21.0,5.0,7.0
2014-540,Wimbledon,Grass,128,G,20140623,126,103819,4.0,,Roger Federer,R,185.0,SUI,32.8733744011,4.0,4945.0,105683,8.0,,Milos Raonic,R,196.0,CAN,23.4880219028,9.0,3245.0,6-4 6-4 6-4,5,SF,101.0,6.0,1.0,80.0,52.0,42.0,19.0,15.0,1.0,1.0,17.0,4.0,84.0,46.0,37.0,19.0,15.0,4.0,7.0
2014-540,Wimbledon,Grass,128,G,20140623,127,104925,1.0,,Novak Djokovic,R,188.0,SRB,27.0882956879,2.0,12330.0,103819,4.0,,Roger Federer,R,185.0,SUI,32.8733744011,4.0,4945.0,6-7(7) 6-4 7-6(4) 5-7 6-4,5,F,236.0,13.0,3.0,174.0,108.0,79.0,43.0,28.0,4.0,7.0,29.0,5.0,192.0,133.0,102.0,26.0,28.0,11.0,15.0
2014-560,US Open,Hard,128,G,20140825,64,103819,2.0,,Roger Federer,R,185.0,SUI,33.0458590007,3.0,7490.0,104594,,,Marinko Matosevic,R,194.0,AUS,29.0458590007,76.0,682.0,6-3 6-4 7-6(4),5,R128,127.0,10.0,1.0,87.0,60.0,53.0,15.0,16.0,2.0,3.0,4.0,4.0,120.0,71.0,44.0,26.0,15.0,11.0,14.0
2014-560,US Open,Hard,128,G,20140825,96,103819,2.0,,Roger Federer,R,185.0,SUI,33.0458590007,3.0,7490.0,105032,,,Samuel Groth,R,,AUS,26.8501026694,104.0,571.0,6-4 6-4 6-4,5,R64,108.0,9.0,4.0,79.0,49.0,41.0,15.0,15.0,0.0,2.0,9.0,8.0,109.0,69.0,41.0,20.0,15.0,6.0,11.0
2014-560,US Open,Hard,128,G,20140825,112,103819,2.0,,Roger Federer,R,185.0,SUI,33.0458590007,3.0,7490.0,104719,,,Marcel Granollers,R,190.0,ESP,28.3696098563,42.0,1010.0,4-6 6-1 6-1 6-1,5,R32,118.0,12.0,0.0,93.0,58.0,41.0,20.0,15.0,6.0,8.0,5.0,3.0,99.0,56.0,30.0,18.0,16.0,11.0,20.0
2014-560,US Open,Hard,128,G,20140825,120,103819,2.0,,Roger Federer,R,185.0,SUI,33.0458590007,3.0,7490.0,105138,17.0,,Roberto Bautista Agut,R,,ESP,26.3627652293,19.0,1800.0,6-4 6-3 6-2,5,R16,116.0,8.0,5.0,87.0,51.0,39.0,19.0,13.0,6.0,7.0,2.0,4.0,102.0,65.0,38.0,15.0,14.0,7.0,13.0
2014-560,US Open,Hard,128,G,20140825,124,103819,2.0,,Roger Federer,R,185.0,SUI,33.0458590007,3.0,7490.0,104792,20.0,,Gael Monfils,R,193.0,FRA,27.9808350445,24.0,1530.0,4-6 3-6 6-4 7-5 6-2,5,QF,200.0,5.0,2.0,151.0,86.0,65.0,37.0,25.0,10.0,15.0,6.0,9.0,157.0,99.0,65.0,29.0,24.0,7.0,13.0
2014-560,US Open,Hard,128,G,20140825,126,105227,14.0,,Marin Cilic,R,198.0,CRO,25.9055441478,16.0,1845.0,103819,2.0,,Roger Federer,R,185.0,SUI,33.0458590007,3.0,7490.0,6-3 6-4 6-4,5,SF,105.0,13.0,1.0,81.0,45.0,39.0,20.0,15.0,1.0,2.0,12.0,1.0,84.0,52.0,36.0,16.0,14.0,4.0,8.0
2015-540,Wimbledon,Grass,128,G,20150629,64,103819,2.0,,Roger Federer,R,185.0,SUI,33.8891170431,2.0,9665.0,106000,,,Damir Dzumhur,R,172.0,BIH,23.1074606434,88.0,593.0,6-1 6-3 6-3,5,R128,,6.0,0.0,64.0,41.0,35.0,17.0,13.0,0.0,0.0,2.0,8.0,69.0,41.0,27.0,8.0,12.0,5.0,10.0
2015-540,Wimbledon,Grass,128,G,20150629,96,103819,2.0,,Roger Federer,R,185.0,SUI,33.8891170431,2.0,9665.0,105023,,,Sam Querrey,R,198.0,USA,27.7262149213,36.0,1140.0,6-4 6-2 6-2,5,R64,,6.0,2.0,77.0,47.0,37.0,19.0,13.0,2.0,2.0,7.0,2.0,79.0,45.0,32.0,15.0,13.0,7.0,12.0
2015-540,Wimbledon,Grass,128,G,20150629,112,103819,2.0,,Roger Federer,R,185.0,SUI,33.8891170431,2.0,9665.0,105032,,,Samuel Groth,R,,AUS,27.6933607118,69.0,743.0,6-4 6-4 6-7(5) 6-2,5,R32,,17.0,1.0,108.0,67.0,60.0,28.0,20.0,0.0,0.0,21.0,4.0,130.0,84.0,61.0,24.0,20.0,4.0,8.0
2015-540,Wimbledon,Grass,128,G,20150629,120,103819,2.0,,Roger Federer,R,185.0,SUI,33.8891170431,2.0,9665.0,105138,20.0,,Roberto Bautista Agut,R,,ESP,27.2060232717,22.0,1545.0,6-2 6-2 6-3,5,R16,,7.0,0.0,56.0,38.0,35.0,13.0,12.0,0.0,0.0,2.0,0.0,84.0,56.0,30.0,15.0,13.0,7.0,13.0
2015-540,Wimbledon,Grass,128,G,20150629,124,103819,2.0,,Roger Federer,R,185.0,SUI,33.8891170431,2.0,9665.0,104468,12.0,,Gilles Simon,R,183.0,FRA,30.5023956194,13.0,2435.0,6-3 7-5 6-2,5,QF,,11.0,1.0,75.0,55.0,44.0,12.0,15.0,0.0,1.0,1.0,2.0,83.0,48.0,29.0,19.0,14.0,3.0,8.0
2015-540,Wimbledon,Grass,128,G,20150629,126,103819,2.0,,Roger Federer,R,185.0,SUI,33.8891170431,2.0,9665.0,104918,3.0,,Andy Murray,R,190.0,GBR,28.1232032854,3.0,7450.0,7-5 7-5 6-4,5,SF,,20.0,1.0,91.0,69.0,58.0,12.0,17.0,1.0,1.0,12.0,1.0,107.0,79.0,56.0,14.0,17.0,7.0,10.0
2015-540,Wimbledon,Grass,128,G,20150629,127,104925,1.0,,Novak Djokovic,R,188.0,SRB,28.1040383299,1.0,13845.0,103819,2.0,,Roger Federer,R,185.0,SUI,33.8891170431,2.0,9665.0,7-6(1) 6-7(10) 6-4 6-3,5,F,,13.0,1.0,145.0,95.0,70.0,30.0,21.0,6.0,7.0,14.0,3.0,141.0,94.0,70.0,23.0,22.0,6.0,10.0
2015-560,US Open,Hard,128,G,20150831,64,103819,2.0,,Roger Federer,R,185.0,SUI,34.0616016427,2.0,9065.0,104919,,,Leonardo Mayer,R,188.0,ARG,28.295687885,34.0,1140.0,6-1 6-2 6-2,5,R128,,11.0,5.0,66.0,43.0,36.0,14.0,12.0,1.0,1.0,1.0,7.0,70.0,40.0,21.0,14.0,11.0,3.0,9.0
2015-560,US Open,Hard,128,G,20150831,96,103819,2.0,,Roger Federer,R,185.0,SUI,34.0616016427,2.0,9065.0,104327,,,Steve Darcis,R,178.0,BEL,31.4661190965,66.0,750.0,6-1 6-2 6-1,5,R64,,12.0,1.0,61.0,43.0,37.0,10.0,11.0,1.0,1.0,2.0,2.0,80.0,43.0,23.0,15.0,11.0,12.0,19.0
2015-560,US Open,Hard,128,G,20150831,112,103819,2.0,,Roger Federer,R,185.0,SUI,34.0616016427,2.0,9065.0,104259,29.0,,Philipp Kohlschreiber,R,178.0,GER,31.8740588638,29.0,1230.0,6-3 6-4 6-4,5,R32,,5.0,4.0,83.0,50.0,36.0,18.0,15.0,2.0,4.0,1.0,5.0,72.0,44.0,31.0,15.0,14.0,3.0,8.0
2015-560,US Open,Hard,128,G,20150831,120,103819,2.0,,Roger Federer,R,185.0,SUI,34.0616016427,2.0,9065.0,104545,13.0,,John Isner,R,206.0,USA,30.3463381246,13.0,2235.0,7-6(0) 7-6(6) 7-5,5,R16,,13.0,1.0,111.0,65.0,54.0,33.0,18.0,5.0,5.0,17.0,1.0,133.0,91.0,63.0,22.0,18.0,9.0,10.0
2015-560,US Open,Hard,128,G,20150831,124,103819,2.0,,Roger Federer,R,185.0,SUI,34.0616016427,2.0,9065.0,104755,12.0,,Richard Gasquet,R,185.0,FRA,29.2019164956,12.0,2240.0,6-3 6-3 6-1,5,QF,,16.0,2.0,70.0,53.0,46.0,8.0,13.0,0.0,0.0,1.0,2.0,73.0,44.0,27.0,12.0,12.0,8.0,13.0
2015-560,US Open,Hard,128,G,20150831,126,103819,2.0,,Roger Federer,R,185.0,SUI,34.0616016427,2.0,9065.0,104527,5.0,,Stanislas Wawrinka,R,183.0,SUI,30.4257357974,5.0,5710.0,6-4 6-3 6-1,5,SF,,10.0,2.0,77.0,50.0,40.0,17.0,13.0,4.0,4.0,6.0,1.0,78.0,38.0,22.0,20.0,13.0,6.0,11.0
2015-560,US Open,Hard,128,G,20150831,127,104925,1.0,,Novak Djokovic,R,188.0,SRB,28.2765229295,1.0,14865.0,103819,2.0,,Roger Federer,R,185.0,SUI,34.0616016427,2.0,9065.0,6-4 5-7 6-4 6-4,5,F,,3.0,5.0,155.0,96.0,63.0,32.0,21.0,19.0,23.0,11.0,5.0,137.0,87.0,62.0,23.0,21.0,7.0,13.0
2015-580,Australian Open,Hard,128,G,20150119,64,103819,2.0,,Roger Federer,R,185.0,SUI,33.4483230664,2.0,9875.0,104229,,,Yen Hsun Lu,R,180.0,TPE,31.4332648871,47.0,888.0,6-4 6-2 7-5,5,R128,113.0,9.0,3.0,83.0,56.0,48.0,17.0,15.0,4.0,4.0,1.0,2.0,97.0,57.0,35.0,22.0,15.0,10.0,14.0
2015-580,Australian Open,Hard,128,G,20150119,96,103819,2.0,,Roger Federer,R,185.0,SUI,33.4483230664,2.0,9875.0,104620,,,Simone Bolelli,R,183.0,ITA,29.2813141684,48.0,864.0,3-6 6-3 6-2 6-2,5,R64,129.0,16.0,0.0,92.0,64.0,50.0,20.0,17.0,0.0,1.0,8.0,3.0,109.0,57.0,36.0,28.0,17.0,6.0,11.0
2015-580,Australian Open,Hard,128,G,20150119,112,104312,,,Andreas Seppi,R,190.0,ITA,30.9103353867,46.0,915.0,103819,2.0,,Roger Federer,R,185.0,SUI,33.4483230664,2.0,9875.0,6-4 7-6(5) 4-6 7-6(5),5,R32,177.0,4.0,4.0,151.0,86.0,67.0,32.0,22.0,7.0,10.0,15.0,9.0,138.0,82.0,66.0,27.0,22.0,2.0,5.0
2015-520,Roland Garros,Clay,128,G,20150524,64,103819,2.0,,Roger Federer,R,185.0,SUI,33.7932922656,2.0,9235.0,104268,,LL,Alejandro Falla,L,185.0,COL,31.5263518138,109.0,485.0,6-3 6-3 6-4,5,R128,110.0,8.0,0.0,81.0,58.0,45.0,15.0,14.0,2.0,2.0,2.0,4.0,109.0,74.0,48.0,16.0,14.0,12.0,16.0
2015-520,Roland Garros,Clay,128,G,20150524,96,103819,2.0,,Roger Federer,R,185.0,SUI,33.7932922656,2.0,9235.0,104719,,,Marcel Granollers,R,190.0,ESP,29.1170431211,57.0,845.0,6-2 7-6(1) 6-3,5,R64,107.0,3.0,0.0,77.0,49.0,40.0,20.0,15.0,1.0,3.0,2.0,3.0,94.0,62.0,38.0,14.0,14.0,3.0,8.0
2015-520,Roland Garros,Clay,128,G,20150524,112,103819,2.0,,Roger Federer,R,185.0,SUI,33.7932922656,2.0,9235.0,106000,,,Damir Dzumhur,R,172.0,BIH,23.0116358658,88.0,601.0,6-4 6-3 6-2,5,R32,88.0,4.0,1.0,82.0,53.0,36.0,19.0,13.0,4.0,5.0,3.0,2.0,81.0,57.0,32.0,12.0,14.0,2.0,8.0
2015-520,Roland Garros,Clay,128,G,20150524,120,103819,2.0,,Roger Federer,R,185.0,SUI,33.7932922656,2.0,9235.0,104792,13.0,,Gael Monfils,R,193.0,FRA,28.7282683094,14.0,2065.0,6-3 4-6 6-4 6-1,5,R16,130.0,2.0,1.0,100.0,61.0,45.0,25.0,18.0,2.0,4.0,6.0,4.0,122.0,76.0,47.0,21.0,18.0,7.0,13.0
2015-520,Roland Garros,Clay,128,G,20150524,124,104527,8.0,,Stanislas Wawrinka,R,183.0,SUI,30.1574264203,9.0,3845.0,103819,2.0,,Roger Federer,R,185.0,SUI,33.7932922656,2.0,9235.0,6-4 6-3 7-6(4),5,QF,129.0,4.0,0.0,92.0,50.0,44.0,26.0,15.0,4.0,4.0,7.0,0.0,112.0,71.0,48.0,23.0,16.0,5.0,8.0
2016-580,Australian Open,Hard,128,G,20160118,116,103819,3.0,,Roger Federer,R,185.0,SUI,34.4449007529,3.0,8165.0,105932,,,Nikoloz Basilashvili,R,,RUS,23.9014373717,118.0,493.0,6-2 6-1 6-2,5,R128,72.0,6.0,3.0,56.0,36.0,33.0,9.0,12.0,0.0,1.0,2.0,5.0,68.0,44.0,23.0,7.0,11.0,6.0,14.0
2016-580,Australian Open,Hard,128,G,20160118,172,103819,3.0,,Roger Federer,R,185.0,SUI,34.4449007529,3.0,8165.0,105238,,,Alexandr Dolgopolov,R,180.0,UKR,27.1950718686,35.0,1160.0,6-3 7-5 6-1,5,R64,93.0,25.0,2.0,72.0,49.0,43.0,13.0,14.0,0.0,0.0,3.0,7.0,97.0,55.0,35.0,18.0,14.0,8.0,13.0
2016-580,Australian Open,Hard,128,G,20160118,200,103819,3.0,,Roger Federer,R,185.0,SUI,34.4449007529,3.0,8165.0,105777,27.0,,Grigor Dimitrov,R,188.0,BUL,24.6762491444,28.0,1420.0,6-4 3-6 6-1 6-4,5,R32,160.0,13.0,5.0,112.0,69.0,52.0,24.0,18.0,5.0,6.0,8.0,3.0,126.0,76.0,48.0,27.0,18.0,11.0,15.0
2016-580,Australian Open,Hard,128,G,20160118,214,103819,3.0,,Roger Federer,R,185.0,SUI,34.4449007529,3.0,8165.0,105676,15.0,,David Goffin,R,163.0,BEL,25.1143052704,16.0,1835.0,6-2 6-1 6-4,5,R16,88.0,7.0,1.0,67.0,42.0,36.0,16.0,13.0,0.0,1.0,5.0,2.0,83.0,55.0,36.0,8.0,12.0,7.0,13.0
2016-580,Australian Open,Hard,128,G,20160118,221,103819,3.0,,Roger Federer,R,185.0,SUI,34.4449007529,3.0,8165.0,104607,6.0,,Tomas Berdych,R,196.0,CZE,30.3353867214,6.0,4560.0,7-6 6-2 6-4,5,QF,136.0,9.0,3.0,87.0,60.0,50.0,13.0,16.0,4.0,6.0,9.0,5.0,111.0,60.0,41.0,24.0,15.0,5.0,10.0
2016-580,Australian Open,Hard,128,G,20160118,224,104925,1.0,,Novak Djokovic,R,188.0,SRB,28.6598220397,1.0,16790.0,103819,3.0,,Roger Federer,R,185.0,SUI,34.4449007529,3.0,8165.0,6-1 6-2 3-6 6-3,5,SF,139.0,10.0,1.0,97.0,65.0,50.0,21.0,17.0,3.0,4.0,5.0,1.0,100.0,57.0,35.0,21.0,16.0,4.0,9.0
2016-540,Wimbledon,Grass,128,G,20160627,116,103819,3.0,,Roger Federer,R,185.0,SUI,34.8856947296,3.0,6425.0,105550,,,Guido Pella,L,,ARG,26.1136208077,52.0,919.0,7-6(5) 7-6(3) 6-3,5,R128,125.0,12.0,0.0,94.0,60.0,53.0,23.0,17.0,0.0,0.0,5.0,1.0,119.0,75.0,50.0,27.0,16.0,8.0,9.0
2016-540,Wimbledon,Grass,128,G,20160627,172,103819,3.0,,Roger Federer,R,185.0,SUI,34.8856947296,3.0,6425.0,105650,,,Marcus Willis,L,,GBR,25.7166324435,772.0,26.0,6-0 6-3 6-4,5,R64,84.0,9.0,0.0,73.0,45.0,35.0,19.0,13.0,2.0,2.0,9.0,3.0,83.0,50.0,32.0,14.0,12.0,7.0,12.0
2016-540,Wimbledon,Grass,128,G,20160627,200,103819,3.0,,Roger Federer,R,185.0,SUI,34.8856947296,3.0,6425.0,105554,,,Daniel Evans,R,175.0,GBR,26.0971937029,91.0,648.0,6-4 6-2 6-2,5,R32,86.0,11.0,0.0,67.0,45.0,40.0,11.0,13.0,1.0,2.0,0.0,8.0,94.0,54.0,26.0,21.0,13.0,9.0,15.0
2016-540,Wimbledon,Grass,128,G,20160627,214,103819,3.0,,Roger Federer,R,185.0,SUI,34.8856947296,3.0,6425.0,105449,,,Steve Johnson,R,188.0,USA,26.507871321,29.0,1385.0,6-2 6-3 7-5,5,R16,96.0,6.0,2.0,83.0,55.0,41.0,20.0,15.0,3.0,4.0,8.0,3.0,101.0,65.0,40.0,15.0,14.0,5.0,10.0
2016-540,Wimbledon,Grass,128,G,20160627,221,103819,3.0,,Roger Federer,R,185.0,SUI,34.8856947296,3.0,6425.0,105227,9.0,,Marin Cilic,R,198.0,CRO,27.7453798768,13.0,2695.0,6-7(4) 4-6 6-3 7-6(9) 6-3,5,QF,197.0,27.0,0.0,169.0,106.0,84.0,37.0,26.0,7.0,8.0,23.0,7.0,163.0,93.0,76.0,38.0,26.0,7.0,9.0
2016-540,Wimbledon,Grass,128,G,20160627,224,105683,6.0,,Milos Raonic,R,196.0,CAN,25.5003422313,7.0,3175.0,103819,3.0,,Roger Federer,R,185.0,SUI,34.8856947296,3.0,6425.0,6-3 6-7(3) 4-6 7-5 6-3,5,SF,204.0,23.0,11.0,167.0,113.0,94.0,25.0,26.0,8.0,9.0,16.0,5.0,160.0,98.0,80.0,32.0,26.0,5.0,8.0
2017-580,Australian Open,Hard,128,G,20170116,111,103819,17.0,,Roger Federer,R,185.0,SUI,35.4,17.0,1980.0,103781,,Q,Jurgen Melzer,L,183.0,AUT,35.6,300.0,164.0,7-5 3-6 6-2 6-2,5,R128,125.0,19.0,1.0,103.0,66.0,51.0,20.0,19.0,1.0,4.0,4.0,1.0,111.0,83.0,47.0,15.0,18.0,2.0,9.0
2017-580,Australian Open,Hard,128,G,20170116,169,103819,17.0,,Roger Federer,R,185.0,SUI,35.4,17.0,1980.0,111511,,Q,Noah Rubin,R,175.0,USA,20.9,200.0,274.0,7-5 6-3 7-6(3),5,R64,123.0,17.0,2.0,112.0,67.0,55.0,25.0,17.0,5.0,6.0,2.0,3.0,102.0,57.0,36.0,28.0,16.0,5.0,8.0
2017-580,Australian Open,Hard,128,G,20170116,198,103819,17.0,,Roger Federer,R,185.0,SUI,35.4,17.0,1980.0,104607,10.0,,Tomas Berdych,R,196.0,CZE,31.3,10.0,3060.0,6-2 6-4 6-4,5,R32,90.0,8.0,2.0,70.0,41.0,39.0,17.0,14.0,0.0,0.0,13.0,3.0,81.0,51.0,43.0,9.0,14.0,1.0,5.0
2017-580,Australian Open,Hard,128,G,20170116,213,103819,17.0,,Roger Federer,R,185.0,SUI,35.4,17.0,1980.0,105453,5.0,,Kei Nishikori,R,178.0,JPN,27.0,5.0,5010.0,6-7(4) 6-4 6-1 4-6 6-3,5,R16,203.0,24.0,6.0,148.0,100.0,80.0,23.0,24.0,7.0,10.0,5.0,5.0,164.0,107.0,73.0,24.0,24.0,11.0,18.0
2017-580,Australian Open,Hard,128,G,20170116,220,103819,17.0,,Roger Federer,R,185.0,SUI,35.4,17.0,1980.0,104999,,,Mischa Zverev,L,190.0,GER,29.4,50.0,894.0,6-1 7-5 6-2,5,QF,92.0,9.0,1.0,79.0,54.0,37.0,17.0,14.0,1.0,2.0,5.0,0.0,97.0,72.0,38.0,13.0,13.0,9.0,15.0
2017-580,Australian Open,Hard,128,G,20170116,224,103819,17.0,,Roger Federer,R,185.0,SUI,35.4,17.0,1980.0,104527,4.0,,Stan Wawrinka,R,183.0,SUI,31.8,4.0,5155.0,7-5 6-3 1-6 4-6 6-3,5,SF,184.0,11.0,3.0,143.0,86.0,62.0,33.0,24.0,8.0,12.0,10.0,2.0,135.0,89.0,56.0,32.0,23.0,5.0,9.0
2017-580,Australian Open,Hard,128,G,20170116,226,103819,17.0,,Roger Federer,R,185.0,SUI,35.4,17.0,1980.0,104745,9.0,,Rafael Nadal,L,185.0,ESP,30.6,9.0,3195.0,6-4 3-6 6-1 3-6 6-3,5,F,217.0,20.0,3.0,138.0,85.0,65.0,26.0,22.0,13.0,17.0,4.0,3.0,151.0,110.0,69.0,23.0,22.0,14.0,20.0
2017-540,Wimbledon,Grass,128,G,20170703,147,103819,3.0,,Roger Federer,R,185.0,SUI,35.9,5.0,5265.0,105238,,,Alexandr Dolgopolov,R,180.0,UKR,28.6,84.0,631.0,6-3 3-0 RET,5,R128,42.0,10.0,1.0,36.0,27.0,21.0,4.0,6.0,0.0,0.0,2.0,4.0,50.0,23.0,13.0,12.0,6.0,6.0,9.0
2017-540,Wimbledon,Grass,128,G,20170703,187,103819,3.0,,Roger Federer,R,185.0,SUI,35.9,5.0,5265.0,105583,,,Dusan Lajovic,R,183.0,SRB,27.0,79.0,661.0,7-6(0) 6-3 6-2,5,R64,90.0,9.0,2.0,78.0,47.0,38.0,25.0,15.0,3.0,4.0,3.0,3.0,87.0,56.0,32.0,20.0,14.0,7.0,11.0
2017-540,Wimbledon,Grass,128,G,20170703,207,103819,3.0,,Roger Federer,R,185.0,SUI,35.9,5.0,5265.0,104999,27.0,,Mischa Zverev,L,190.0,GER,29.8,30.0,1396.0,7-6(3) 6-4 6-4,5,R32,109.0,13.0,1.0,88.0,53.0,44.0,25.0,16.0,1.0,2.0,6.0,4.0,102.0,63.0,45.0,20.0,16.0,3.0,6.0
2017-540,Wimbledon,Grass,128,G,20170703,217,103819,3.0,,Roger Federer,R,185.0,SUI,35.9,5.0,5265.0,105777,13.0,,Grigor Dimitrov,R,191.0,BUL,26.1,11.0,3070.0,6-4 6-2 6-4,5,R16,97.0,8.0,0.0,75.0,52.0,39.0,17.0,14.0,2.0,3.0,7.0,7.0,91.0,57.0,37.0,15.0,14.0,5.0,10.0
2017-540,Wimbledon,Grass,128,G,20170703,222,103819,3.0,,Roger Federer,R,185.0,SUI,35.9,5.0,5265.0,105683,6.0,,Milos Raonic,R,196.0,CAN,26.5,7.0,4150.0,6-4 6-2 7-6(4),5,QF,117.0,11.0,2.0,89.0,61.0,55.0,15.0,15.0,5.0,5.0,11.0,0.0,96.0,70.0,50.0,11.0,15.0,3.0,6.0
2017-540,Wimbledon,Grass,128,G,20170703,225,103819,3.0,,Roger Federer,R,185.0,SUI,35.9,5.0,5265.0,104607,11.0,,Tomas Berdych,R,196.0,CZE,31.7,15.0,2570.0,7-6(4) 7-6(4) 6-4,5,SF,138.0,13.0,4.0,105.0,70.0,59.0,21.0,17.0,5.0,6.0,9.0,0.0,128.0,79.0,54.0,28.0,17.0,7.0,9.0
2017-540,Wimbledon,Grass,128,G,20170703,226,103819,3.0,,Roger Federer,R,185.0,SUI,35.9,5.0,5265.0,105227,7.0,,Marin Cilic,R,198.0,CRO,28.7,6.0,4235.0,6-3 6-1 6-4,5,F,101.0,8.0,2.0,70.0,53.0,43.0,12.0,13.0,1.0,1.0,5.0,3.0,90.0,54.0,35.0,14.0,13.0,5.0,10.0
2017-560,US Open,Hard,128,G,20170828,116,103819,3.0,,Roger Federer,R,185.0,SUI,36.0,3.0,7145.0,126207,,,Frances Tiafoe,R,188.0,USA,19.6,70.0,705.0,4-6 6-2 6-1 1-6 6-4,5,R128,157.0,17.0,4.0,116.0,63.0,49.0,29.0,21.0,1.0,5.0,5.0,6.0,138.0,71.0,48.0,35.0,21.0,7.0,13.0
2017-560,US Open,Hard,128,G,20170828,172,103819,3.0,,Roger Federer,R,185.0,SUI,36.0,3.0,7145.0,104022,,,Mikhail Youzhny,R,183.0,RUS,35.1,101.0,541.0,6-1 6-7(3) 4-6 6-4 6-2,5,R64,188.0,12.0,2.0,140.0,87.0,68.0,27.0,24.0,4.0,8.0,5.0,8.0,177.0,109.0,68.0,30.0,23.0,8.0,16.0
2017-560,US Open,Hard,128,G,20170828,200,103819,3.0,,Roger Federer,R,185.0,SUI,36.0,3.0,7145.0,103852,31.0,,Feliciano Lopez,L,188.0,ESP,35.9,35.0,1250.0,6-3 6-3 7-5,5,R32,106.0,13.0,1.0,84.0,46.0,39.0,22.0,15.0,5.0,6.0,9.0,3.0,91.0,49.0,38.0,16.0,15.0,7.0,12.0
2017-560,US Open,Hard,128,G,20170828,214,103819,3.0,,Roger Federer,R,185.0,SUI,36.0,3.0,7145.0,104259,33.0,,Philipp Kohlschreiber,R,178.0,GER,33.8,37.0,1135.0,6-4 6-2 7-5,5,R16,109.0,11.0,2.0,75.0,49.0,43.0,19.0,15.0,0.0,0.0,4.0,2.0,96.0,55.0,37.0,20.0,15.0,3.0,7.0
2017-560,US Open,Hard,128,G,20170828,221,105223,24.0,,Juan Martin del Potro,R,198.0,ARG,28.9,28.0,1460.0,103819,3.0,,Roger Federer,R,185.0,SUI,36.0,3.0,7145.0,7-5 3-6 7-6(8) 6-4,5,QF,170.0,12.0,3.0,119.0,80.0,65.0,20.0,22.0,1.0,3.0,17.0,5.0,137.0,84.0,61.0,30.0,21.0,3.0,6.0
2018-580,Australian Open,Hard,128,G,20180115,164,103819,2.0,,Roger Federer,R,185.0,SUI,36.4,2.0,9605.0,105379,,,Aljaz Bedene,R,181.0,SLO,28.4,51.0,968.0,6-3 6-4 6-3,5,R128,99.0,12.0,3.0,81.0,58.0,45.0,14.0,14.0,2.0,2.0,2.0,5.0,90.0,50.0,35.0,18.0,14.0,9.0,13.0
2018-580,Australian Open,Hard,128,G,20180115,232,103819,2.0,,Roger Federer,R,185.0,SUI,36.4,2.0,9605.0,105526,,,Jan Lennard Struff,R,193.0,GER,27.7,55.0,870.0,6-4 6-4 7-6(4),5,R64,115.0,17.0,1.0,92.0,53.0,44.0,26.0,16.0,2.0,3.0,7.0,5.0,107.0,54.0,41.0,27.0,16.0,8.0,11.0
2018-580,Australian Open,Hard,128,G,20180115,316,103819,2.0,,Roger Federer,R,185.0,SUI,36.4,2.0,9605.0,104755,29.0,,Richard Gasquet,R,183.0,FRA,31.5,31.0,1375.0,6-2 7-5 6-4,5,R32,119.0,12.0,1.0,94.0,61.0,49.0,14.0,15.0,1.0,2.0,3.0,3.0,90.0,61.0,41.0,12.0,15.0,3.0,8.0
2018-580,Australian Open,Hard,128,G,20180115,408,103819,2.0,,Roger Federer,R,185.0,SUI,36.4,2.0,9605.0,105916,,,Marton Fucsovics,R,188.0,HUN,25.9,80.0,674.0,6-4 7-6(3) 6-2,5,R16,121.0,6.0,2.0,81.0,48.0,40.0,25.0,15.0,0.0,0.0,5.0,6.0,108.0,57.0,38.0,27.0,15.0,7.0,10.0
2018-580,Australian Open,Hard,128,G,20180115,504,103819,2.0,,Roger Federer,R,185.0,SUI,36.4,2.0,9605.0,104607,19.0,,Tomas Berdych,R,196.0,CZE,32.3,20.0,2050.0,7-6(1) 6-3 6-4,5,QF,134.0,15.0,5.0,96.0,60.0,50.0,19.0,16.0,3.0,5.0,4.0,1.0,94.0,53.0,37.0,21.0,15.0,4.0,8.0
2018-580,Australian Open,Hard,128,G,20180115,602,103819,2.0,,Roger Federer,R,185.0,SUI,36.4,2.0,9605.0,111202,,,Hyeon Chung,R,188.0,KOR,21.6,58.0,857.0,6-1 5-2 RET,5,SF,62.0,9.0,1.0,37.0,16.0,15.0,15.0,7.0,1.0,1.0,1.0,3.0,53.0,30.0,17.0,9.0,7.0,7.0,11.0
2018-580,Australian Open,Hard,128,G,20180115,701,103819,2.0,,Roger Federer,R,185.0,SUI,36.4,2.0,9605.0,105227,6.0,,Marin Cilic,R,198.0,CRO,29.2,6.0,3805.0,6-2 6-7(5) 6-3 3-6 6-1,5,F,183.0,24.0,4.0,139.0,84.0,67.0,32.0,23.0,7.0,9.0,16.0,5.0,141.0,88.0,61.0,27.0,22.0,7.0,13.0
2018-540,Wimbledon,Grass,128,G,20180702,100,103819,1.0,,Roger Federer,R,185.0,SUI,36.8,2.0,8720.0,105583,,,Dusan Lajovic,R,183.0,SRB,28.0,58.0,920.0,6-1 6-3 6-4,5,R128,79.0,8.0,1.0,63.0,45.0,41.0,11.0,13.0,0.0,0.0,0.0,1.0,84.0,59.0,35.0,10.0,13.0,6.0,11.0
2018-540,Wimbledon,Grass,128,G,20180702,164,103819,1.0,,Roger Federer,R,185.0,SUI,36.8,2.0,8720.0,105041,,,Lukas Lacko,R,185.0,SVK,30.6,73.0,752.0,6-4 6-4 6-1,5,R64,90.0,16.0,0.0,61.0,43.0,40.0,12.0,13.0,0.0,0.0,6.0,4.0,90.0,53.0,35.0,16.0,14.0,4.0,9.0
2018-540,Wimbledon,Grass,128,G,20180702,196,103819,1.0,,Roger Federer,R,185.0,SUI,36.8,2.0,8720.0,105526,,,Jan Lennard Struff,R,193.0,GER,28.1,64.0,865.0,6-3 7-5 6-2,5,R32,94.0,10.0,2.0,74.0,40.0,37.0,23.0,15.0,0.0,0.0,11.0,6.0,100.0,56.0,37.0,21.0,14.0,10.0,14.0
2018-540,Wimbledon,Grass,128,G,20180702,212,103819,1.0,,Roger Federer,R,185.0,SUI,36.8,2.0,8720.0,105173,22.0,,Adrian Mannarino,L,180.0,FRA,30.0,26.0,1580.0,6-0 7-5 6-4,5,R16,105.0,13.0,0.0,76.0,51.0,46.0,13.0,14.0,4.0,4.0,6.0,2.0,100.0,77.0,42.0,11.0,14.0,7.0,12.0
2018-540,Wimbledon,Grass,128,G,20180702,220,104731,8.0,,Kevin Anderson,R,203.0,RSA,32.1,8.0,3635.0,103819,1.0,,Roger Federer,R,185.0,SUI,36.8,2.0,8720.0,2-6 6-7(5) 7-5 6-4 13-11,5,QF,254.0,27.0,3.0,208.0,139.0,106.0,36.0,34.0,9.0,12.0,17.0,1.0,177.0,123.0,97.0,32.0,33.0,3.0,7.0
2018-560,US Open,Hard,128,G,20180827,163,103819,2.0,,Roger Federer,R,185.0,SUI,37.0,2.0,7080.0,106415,,,Yoshihito Nishioka,L,170.0,JPN,22.9,177.0,323.0,6-2 6-2 6-4,5,R128,112.0,14.0,3.0,82.0,55.0,43.0,13.0,13.0,8.0,9.0,0.0,4.0,110.0,64.0,29.0,27.0,13.0,9.0,15.0
2018-560,US Open,Hard,128,G,20180827,195,103819,2.0,,Roger Federer,R,185.0,SUI,37.0,2.0,7080.0,105332,,,Benoit Paire,R,196.0,FRA,29.3,56.0,955.0,7-5 6-4 6-4,5,R64,117.0,5.0,5.0,95.0,55.0,41.0,25.0,16.0,4.0,6.0,6.0,11.0,102.0,57.0,36.0,22.0,16.0,4.0,9.0
2018-560,US Open,Hard,128,G,20180827,211,103819,2.0,,Roger Federer,R,185.0,SUI,37.0,2.0,7080.0,106401,30.0,,Nick Kyrgios,R,193.0,AUS,23.3,30.0,1345.0,6-4 6-1 7-5,5,R32,104.0,16.0,1.0,92.0,61.0,53.0,15.0,15.0,4.0,4.0,13.0,2.0,94.0,57.0,36.0,22.0,14.0,6.0,10.0
2018-560,US Open,Hard,128,G,20180827,219,105357,,,John Millman,R,183.0,AUS,29.2,55.0,963.0,103819,2.0,,Roger Federer,R,185.0,SUI,37.0,2.0,7080.0,3-6 7-5 7-6(7) 7-6(3),5,R16,215.0,8.0,1.0,144.0,91.0,68.0,32.0,24.0,8.0,11.0,13.0,10.0,173.0,84.0,68.0,42.0,23.0,8.0,11.0
2019-580,Australian Open,Hard,128,G,20190114,217,126774,14.0,,Stefanos Tsitsipas,R,193.0,GRE,20.4,15.0,2095.0,103819,3.0,,Roger Federer,R,185.0,SUI,37.4,3.0,6420.0,6-7(11) 7-6(3) 7-5 7-6(5),5,R16,225.0,20.0,1.0,188.0,112.0,87.0,49.0,24.0,12.0,12.0,12.0,0.0,156.0,105.0,83.0,31.0,24.0,2.0,3.0
2019-580,Australian Open,Hard,128,G,20190114,187,103819,3.0,,Roger Federer,R,185.0,SUI,37.4,3.0,6420.0,105554,,Q,Daniel Evans,R,175.0,GBR,28.6,189.0,266.0,7-6(5) 7-6(3) 6-3,5,R64,155.0,11.0,1.0,99.0,62.0,52.0,24.0,17.0,2.0,3.0,4.0,0.0,115.0,70.0,51.0,21.0,16.0,3.0,5.0
2019-580,Australian Open,Hard,128,G,20190114,147,103819,3.0,,Roger Federer,R,185.0,SUI,37.4,3.0,6420.0,104797,,,Denis Istomin,R,185.0,UZB,32.3,101.0,577.0,6-3 6-4 6-4,5,R128,117.0,14.0,2.0,82.0,46.0,38.0,24.0,15.0,0.0,0.0,4.0,1.0,99.0,69.0,45.0,16.0,14.0,6.0,9.0
2019-580,Australian Open,Hard,128,G,20190114,207,103819,3.0,,Roger Federer,R,185.0,SUI,37.4,3.0,6420.0,126203,,,Taylor Fritz,R,196.0,USA,21.2,50.0,964.0,6-2 7-5 6-2,5,R32,88.0,10.0,3.0,70.0,43.0,40.0,17.0,14.0,0.0,0.0,8.0,0.0,78.0,45.0,28.0,20.0,14.0,4.0,9.0
2019-520,Roland Garros,Clay,128,G,20190527,1148,103819,3.0,,Roger Federer,R,185.0,SUI,37.7,3.0,5950.0,132283,,,Lorenzo Sonego,R,191.0,ITA,24.0,74.0,732.0,6-2 6-4 6-4,5,R128,101.0,5.0,2.0,70.0,52.0,44.0,11.0,14.0,3.0,4.0,3.0,0.0,92.0,59.0,37.0,14.0,14.0,6.0,11.0
2019-520,Roland Garros,Clay,128,G,20190527,1224,103819,3.0,,Roger Federer,R,185.0,SUI,37.7,3.0,5950.0,106214,,LL,Oscar Otte,R,193.0,GER,25.8,144.0,391.0,6-4 6-3 6-4,5,R64,96.0,5.0,0.0,82.0,62.0,47.0,15.0,15.0,4.0,4.0,4.0,3.0,78.0,40.0,28.0,22.0,14.0,1.0,4.0
2019-520,Roland Garros,Clay,128,G,20190527,1312,103819,3.0,,Roger Federer,R,185.0,SUI,37.7,3.0,5950.0,134770,,,Casper Ruud,R,183.0,NOR,20.4,63.0,810.0,6-3 6-1 7-6(8),5,R32,131.0,11.0,3.0,97.0,60.0,48.0,19.0,14.0,4.0,5.0,2.0,6.0,107.0,73.0,49.0,11.0,14.0,7.0,12.0
2019-520,Roland Garros,Clay,128,G,20190527,1406,103819,3.0,,Roger Federer,R,185.0,SUI,37.7,3.0,5950.0,104919,,,Leonardo Mayer,R,188.0,ARG,32.0,68.0,770.0,6-2 6-3 6-3,5,R16,102.0,4.0,0.0,70.0,47.0,39.0,16.0,13.0,0.0,0.0,0.0,4.0,87.0,45.0,28.0,20.0,13.0,5.0,10.0
2019-520,Roland Garros,Clay,128,G,20190527,1503,103819,3.0,,Roger Federer,R,185.0,SUI,37.7,3.0,5950.0,104527,24.0,,Stan Wawrinka,R,183.0,SUI,34.1,28.0,1365.0,7-6(4) 4-6 7-6(5) 6-4,5,QF,215.0,5.0,2.0,149.0,94.0,73.0,32.0,22.0,3.0,5.0,8.0,7.0,171.0,113.0,81.0,27.0,22.0,16.0,18.0
2019-520,Roland Garros,Clay,128,G,20190527,1602,104745,2.0,,Rafael Nadal,L,185.0,ESP,32.9,2.0,7945.0,103819,3.0,,Roger Federer,R,185.0,SUI,37.7,3.0,5950.0,6-3 6-4 6-2,5,SF,145.0,3.0,1.0,88.0,72.0,49.0,9.0,14.0,2.0,4.0,3.0,1.0,93.0,55.0,34.0,15.0,13.0,10.0,16.0
2019-540,Wimbledon,Grass,128,G,20190701,163,103819,2.0,,Roger Federer,R,185.0,SUI,37.8,3.0,6620.0,144750,,,Lloyd Harris,R,193.0,RSA,22.3,86.0,652.0,3-6 6-1 6-2 6-2,5,R128,111.0,9.0,1.0,78.0,44.0,35.0,27.0,16.0,0.0,1.0,5.0,3.0,99.0,59.0,37.0,18.0,16.0,6.0,12.0
2019-540,Wimbledon,Grass,128,G,20190701,195,103819,2.0,,Roger Federer,R,185.0,SUI,37.8,3.0,6620.0,126652,,,Jay Clarke,R,183.0,GBR,20.9,169.0,316.0,6-1 7-6(3) 6-2,5,R64,97.0,10.0,2.0,73.0,46.0,42.0,19.0,15.0,2.0,2.0,1.0,7.0,86.0,50.0,31.0,18.0,13.0,1.0,5.0
2019-540,Wimbledon,Grass,128,G,20190701,211,103819,2.0,,Roger Federer,R,185.0,SUI,37.8,3.0,6620.0,106298,27.0,,Lucas Pouille,R,185.0,FRA,25.3,28.0,1340.0,7-5 6-2 7-6(4),5,R32,126.0,6.0,0.0,102.0,71.0,54.0,18.0,16.0,3.0,4.0,6.0,3.0,106.0,51.0,34.0,30.0,17.0,5.0,9.0
2019-540,Wimbledon,Grass,128,G,20190701,219,103819,2.0,,Roger Federer,R,185.0,SUI,37.8,3.0,6620.0,126610,17.0,,Matteo Berrettini,R,196.0,ITA,23.2,20.0,1665.0,6-1 6-2 6-2,5,R16,74.0,5.0,1.0,61.0,42.0,37.0,13.0,12.0,1.0,1.0,3.0,3.0,58.0,26.0,18.0,11.0,11.0,1.0,7.0
2019-540,Wimbledon,Grass,128,G,20190701,223,103819,2.0,,Roger Federer,R,185.0,SUI,37.8,3.0,6620.0,105453,8.0,,Kei Nishikori,R,178.0,JPN,29.5,7.0,4040.0,4-6 6-1 6-4 6-4,5,QF,156.0,12.0,4.0,106.0,70.0,57.0,21.0,19.0,5.0,6.0,3.0,2.0,138.0,79.0,45.0,33.0,18.0,10.0,14.0
2019-540,Wimbledon,Grass,128,G,20190701,225,103819,2.0,,Roger Federer,R,185.0,SUI,37.8,3.0,6620.0,104745,3.0,,Rafael Nadal,L,185.0,ESP,33.0,2.0,7945.0,7-6(3) 1-6 6-3 6-4,5,SF,182.0,14.0,1.0,116.0,79.0,58.0,23.0,19.0,6.0,8.0,10.0,4.0,127.0,81.0,60.0,22.0,20.0,8.0,10.0
2019-540,Wimbledon,Grass,128,G,20190701,226,104925,1.0,,Novak Djokovic,R,188.0,SRB,32.1,1.0,12415.0,103819,2.0,,Roger Federer,R,185.0,SUI,37.8,3.0,6620.0,7-6(5) 1-6 7-6(4) 4-6 13-12(3),5,F,297.0,10.0,9.0,219.0,136.0,101.0,39.0,34.0,6.0,13.0,25.0,6.0,203.0,127.0,100.0,39.0,34.0,5.0,8.0
2019-560,US Open,Hard,128,G,20190826,116,103819,3.0,,Roger Federer,R,185.0,SUI,38.0,3.0,6950.0,111576,,Q,Sumit Nagal,R,178.0,IND,22.0,190.0,264.0,4-6 6-1 6-2 6-4,5,R128,150.0,12.0,7.0,132.0,80.0,57.0,25.0,18.0,10.0,13.0,0.0,4.0,107.0,68.0,40.0,18.0,17.0,6.0,13.0
2019-560,US Open,Hard,128,G,20190826,172,103819,3.0,,Roger Federer,R,185.0,SUI,38.0,3.0,6950.0,106000,,,Damir Dzumhur,R,175.0,BIH,27.2,99.0,535.0,3-6 6-2 6-3 6-4,5,R64,142.0,16.0,4.0,119.0,82.0,63.0,16.0,18.0,6.0,8.0,2.0,8.0,117.0,76.0,49.0,21.0,18.0,4.0,9.0
2019-560,US Open,Hard,128,G,20190826,200,103819,3.0,,Roger Federer,R,185.0,SUI,38.0,3.0,6950.0,105554,,,Daniel Evans,R,175.0,GBR,29.2,58.0,955.0,6-2 6-2 6-1,5,R32,80.0,10.0,1.0,61.0,40.0,32.0,15.0,12.0,1.0,2.0,0.0,4.0,67.0,34.0,14.0,13.0,11.0,7.0,14.0
2019-560,US Open,Hard,128,G,20190826,214,103819,3.0,,Roger Federer,R,185.0,SUI,38.0,3.0,6950.0,105676,15.0,,David Goffin,R,180.0,BEL,28.7,15.0,2055.0,6-2 6-2 6-0,5,R16,79.0,10.0,3.0,62.0,42.0,35.0,8.0,11.0,5.0,7.0,0.0,4.0,60.0,30.0,12.0,8.0,11.0,1.0,10.0
2019-560,US Open,Hard,128,G,20190826,221,105777,,,Grigor Dimitrov,R,191.0,BUL,28.2,78.0,722.0,103819,3.0,,Roger Federer,R,185.0,SUI,38.0,3.0,6950.0,3-6 6-4 3-6 6-4 6-2,5,QF,192.0,6.0,7.0,131.0,91.0,68.0,21.0,23.0,10.0,14.0,6.0,1.0,144.0,88.0,65.0,28.0,23.0,10.0,15.0
2020-580,Australian Open,Hard,128,G,20200120,147,103819,3.0,,Roger Federer,R,185.0,SUI,38.4,3.0,6590.0,105449,,,Steve Johnson,R,188.0,USA,30.0,75.0,720.0,6-3 6-2 6-2,5,R128,81.0,11.0,1.0,66.0,49.0,40.0,13.0,13.0,1.0,1.0,3.0,2.0,73.0,46.0,26.0,13.0,12.0,4.0,9.0
2020-580,Australian Open,Hard,128,G,20200120,187,103819,3.0,,Roger Federer,R,185.0,SUI,38.4,3.0,6590.0,105936,,,Filip Krajinovic,R,185.0,SRB,27.8,41.0,1158.0,6-1 6-4 6-1,5,R64,92.0,14.0,0.0,68.0,47.0,36.0,13.0,12.0,2.0,3.0,4.0,2.0,77.0,57.0,33.0,4.0,12.0,7.0,14.0
2020-580,Australian Open,Hard,128,G,20200120,207,103819,3.0,,Roger Federer,R,185.0,SUI,38.4,3.0,6590.0,105357,,,John Millman,R,183.0,AUS,30.6,47.0,1096.0,4-6 7-6(2) 6-4 4-6 7-6(8),5,R32,243.0,16.0,6.0,170.0,111.0,85.0,30.0,27.0,4.0,8.0,11.0,4.0,189.0,118.0,80.0,43.0,27.0,7.0,10.0
2020-580,Australian Open,Hard,128,G,20200120,217,103819,3.0,,Roger Federer,R,185.0,SUI,38.4,3.0,6590.0,105916,,,Marton Fucsovics,R,188.0,HUN,27.9,67.0,827.0,4-6 6-1 6-2 6-2,5,R16,131.0,5.0,0.0,103.0,63.0,48.0,21.0,17.0,7.0,9.0,1.0,1.0,89.0,42.0,24.0,25.0,16.0,5.0,12.0
2020-580,Australian Open,Hard,128,G,20200120,222,103819,3.0,,Roger Federer,R,185.0,SUI,38.4,3.0,6590.0,105815,,,Tennys Sandgren,R,188.0,USA,28.4,100.0,573.0,6-3 2-6 2-6 7-6(8) 6-3,5,QF,211.0,5.0,3.0,171.0,112.0,80.0,31.0,23.0,10.0,14.0,27.0,5.0,150.0,97.0,77.0,24.0,23.0,11.0,13.0
2020-580,Australian Open,Hard,128,G,20200120,225,104925,2.0,,Novak Djokovic,R,188.0,SRB,32.6,2.0,9720.0,103819,3.0,,Roger Federer,R,185.0,SUI,38.4,3.0,6590.0,7-6(1) 6-4 6-3,5,SF,138.0,11.0,1.0,102.0,74.0,54.0,15.0,16.0,5.0,7.0,15.0,3.0,104.0,68.0,45.0,15.0,15.0,7.0,11.0
2021-520,Roland Garros,Clay,128,G,20210531,115,103819,8.0,,Roger Federer,R,185.0,SUI,39.8,8.0,5605.0,104797,,Q,Denis Istomin,R,185.0,UZB,34.7,204.0,343.0,6-2 6-4 6-3,5,R128,93.0,8.0,0.0,65.0,46.0,37.0,15.0,14.0,0.0,0.0,3.0,4.0,87.0,61.0,36.0,13.0,13.0,8.0,13.0
2021-520,Roland Garros,Clay,128,G,20210531,171,103819,8.0,,Roger Federer,R,185.0,SUI,39.8,8.0,5605.0,105227,,,Marin Cilic,R,198.0,CRO,32.6,47.0,1388.0,6-2 2-6 7-6(4) 6-2,5,R64,155.0,16.0,1.0,117.0,80.0,60.0,21.0,18.0,5.0,8.0,12.0,6.0,120.0,77.0,58.0,17.0,18.0,11.0,16.0
2021-520,Roland Garros,Clay,128,G,20210531,199,103819,8.0,,Roger Federer,R,185.0,SUI,39.8,8.0,5605.0,136440,,,Dominik Koepfer,L,180.0,GER,27.0,59.0,1134.0,7-6(5) 6-7(3) 7-6(4) 7-5,5,R32,215.0,6.0,1.0,158.0,101.0,69.0,33.0,24.0,2.0,6.0,11.0,4.0,161.0,95.0,62.0,41.0,24.0,9.0,14.0
2021-520,Roland Garros,Clay,128,G,20210531,213,126610,9.0,,Matteo Berrettini,R,196.0,ITA,25.1,9.0,3958.0,103819,8.0,,Roger Federer,R,185.0,SUI,39.8,8.0,5605.0,W/O,5,R16,,,,,,,,0.0,,,,,,,,,0.0,,
2021-540,Wimbledon,Grass,128,G,20210628,148,103819,6.0,,Roger Federer,R,185.0,SUI,39.8,8.0,4815.0,105173,,,Adrian Mannarino,L,180.0,FRA,32.9,41.0,1571.0,6-4 6-7(3) 3-6 6-2 0-0 RET,5,R128,164.0,16.0,3.0,112.0,68.0,50.0,27.0,19.0,6.0,8.0,5.0,6.0,130.0,83.0,63.0,20.0,21.0,9.0,13.0
2021-540,Wimbledon,Grass,128,G,20210628,188,103819,6.0,,Roger Federer,R,185.0,SUI,39.8,8.0,4815.0,104755,,,Richard Gasquet,R,183.0,FRA,35.0,56.0,1148.0,7-6(1) 6-1 6-4,5,R64,111.0,10.0,0.0,95.0,62.0,52.0,19.0,15.0,5.0,5.0,3.0,2.0,96.0,55.0,36.0,21.0,15.0,3.0,6.0
2021-540,Wimbledon,Grass,128,G,20210628,208,103819,6.0,,Roger Federer,R,185.0,SUI,39.8,8.0,4815.0,111815,29.0,,Cameron Norrie,L,188.0,GBR,25.8,34.0,1770.0,6-4 6-4 5-7 6-4,5,R32,155.0,7.0,0.0,114.0,76.0,56.0,25.0,21.0,2.0,4.0,12.0,7.0,132.0,87.0,59.0,22.0,21.0,7.0,11.0
2021-540,Wimbledon,Grass,128,G,20210628,218,103819,6.0,,Roger Federer,R,185.0,SUI,39.8,8.0,4815.0,132283,23.0,,Lorenzo Sonego,R,191.0,ITA,26.1,27.0,2038.0,7-5 6-4 6-2,5,R16,131.0,4.0,1.0,78.0,47.0,37.0,20.0,15.0,2.0,3.0,4.0,2.0,108.0,67.0,44.0,18.0,15.0,10.0,15.0
2021-540,Wimbledon,Grass,128,G,20210628,223,128034,14.0,,Hubert Hurkacz,R,196.0,POL,24.3,18.0,2533.0,103819,6.0,,Roger Federer,R,185.0,SUI,39.8,8.0,4815.0,6-3 7-6(4) 6-0,5,QF,109.0,10.0,3.0,88.0,52.0,41.0,20.0,15.0,3.0,4.0,5.0,3.0,93.0,60.0,40.0,11.0,13.0,10.0,15.0
