tourney_id,tourney_name,surface,draw_size,tourney_level,tourney_date,match_num,winner_id,winner_seed,winner_entry,winner_name,winner_hand,winner_ht,winner_ioc,winner_age,winner_rank,winner_rank_points,loser_id,loser_seed,loser_entry,loser_name,loser_hand,loser_ht,loser_ioc,loser_age,loser_rank,loser_rank_points,score,best_of,round,minutes,w_ace,w_df,w_svpt,w_1stIn,w_1stWon,w_2ndWon,w_SvGms,w_bpSaved,w_bpFaced,l_ace,l_df,l_svpt,l_1stIn,l_1stWon,l_2ndWon,l_SvGms,l_bpSaved,l_bpFaced,match_date,color,X,Y,Tableau X,Tableau Y,Radius,Stage Group,Result,Opponent,Point ID
1999-520,Roland Garros,Clay,128,G,19990524,48,102158,3,,Patrick Rafter,R,185,AUS,26.4010951403,3,3298,103819,,WC,Roger Federer,R,185,SUI,17.7905544148,111,424,5-7 6-3 6-0 6-2,5,R128,133,6,3,117,84,59,20,18,7,9,3,3,108,60,37,24,17,10,17,1999-05-24,#aeb7c6,257.92,9.42,257.92,690.58,5.5,Early Rounds,Loss,Patrick Rafter,1
1999-540,Wimbledon,Grass,128,G,19990621,50,102562,,,Jiri Novak,R,190,CZE,24.2491444216,59,779,103819,,WC,Roger Federer,R,185,SUI,17.8672142368,103,457,6-3 3-6 4-6 6-3 6-4,5,R128,138,1,5,171,130,85,16,24,17,21,8,6,160,108,77,22,23,10,15,1999-06-21,#aeb7c6,278.57,9.59,278.57,690.41,5.5,Early Rounds,Loss,Jiri Novak,2
2000-580,Australian Open,Hard,128,G,20000117,52,103819,,,Roger Federer,R,185,SUI,18.4421629021,62,620,102021,,,Michael Chang,R,175,USA,27.9014373717,38,841,6-4 6-4 7-6(5),5,R128,125,14,7,101,55,42,28,16,1,3,6,9,120,74,52,22,16,5,9,2000-01-17,#aeb7c6,299.22,9.77,299.22,690.23,5.5,Early Rounds,Win,Michael Chang,3
2000-580,Australian Open,Hard,128,G,20000117,90,103819,,,Roger Federer,R,185,SUI,18.4421629021,62,620,102466,,,Jan Kroslak,R,188,SVK,25.2511978097,104,372,7-6(1) 6-2 6-3,5,R64,106,9,4,106,64,43,28,14,9,10,6,6,105,68,41,16,15,8,12,2000-01-17,#aeb7c6,316.67,10.51,316.67,689.49,5.5,Early Rounds,Win,Jan Kroslak,4
2000-580,Australian Open,Hard,128,G,20000117,109,103096,,,Arnaud Clement,R,173,FRA,22.083504449,54,694,103819,,,Roger Federer,R,185,SUI,18.4421629021,62,620,6-1 6-4 6-3,5,R32,101,2,0,84,50,36,21,13,3,4,7,6,88,49,32,13,13,6,12,2000-01-17,#aeb7c6,335.15,10.12,335.15,689.88,5.5,Early Rounds,Loss,Arnaud Clement,5
2000-520,Roland Garros,Clay,128,G,20000529,50,103819,,,Roger Federer,R,185,SUI,18.8062970568,54,735,101885,,,Wayne Arthurs,L,190,AUS,29.1991786448,106,386,7-6(4) 6-3 1-6 6-3,5,R128,147,5,4,135,80,59,31,19,11,13,16,7,119,57,49,31,18,7,9,2000-05-29,#aeb7c6,354.76,9.77,354.76,690.23,5.5,Early Rounds,Win,Wayne Arthurs,6
2000-520,Roland Garros,Clay,128,G,20000529,89,103819,,,Roger Federer,R,185,SUI,18.8062970568,54,735,102998,,,Jan Michael Gambill,R,190,USA,22.9869952088,69,626,7-6(5) 6-3 6-3,5,R64,132,8,3,124,80,56,25,15,9,10,6,3,98,63,41,17,15,2,6,2000-05-29,#aeb7c6,375.41,9.95,375.41,690.05,5.5,Early Rounds,Win,Jan Michael Gambill,7
2000-520,Roland Garros,Clay,128,G,20000529,109,103819,,,Roger Federer,R,185,SUI,18.8062970568,54,735,103356,,Q,Michel Kratochvil,R,185,SUI,21.144421629,120,335,7-6(5) 6-4 2-6 6-7(4) 8-6,5,R32,265,14,7,179,101,75,40,28,10,16,6,15,212,101,67,60,28,17,23,2000-05-29,#aeb7c6,393.37,10.12,393.37,689.88,5.5,Early Rounds,Win,Michel Kratochvil,8
2000-520,Roland Garros,Clay,128,G,20000529,119,102374,10,,Alex Corretja,R,180,ESP,26.1327857632,10,1776,103819,,,Roger Federer,R,185,SUI,18.8062970568,54,735,7-5 7-6(7) 6-2,5,R16,156,5,3,107,52,45,28,16,3,5,9,6,126,74,53,18,16,9,14,2000-05-29,#49b6c2,516.01,29.90,516.01,670.10,7.2,R16 / Quarter-Final,Loss,Alex Corretja,9
2000-540,Wimbledon,Grass,128,G,20000626,33,102338,5,,Yevgeny Kafelnikov,R,190,RUS,26.3518138261,5,3016,103819,,,Roger Federer,R,185,SUI,18.8829568789,35,914,7-5 7-5 7-6(6),5,R128,128,13,9,122,73,55,23,18,5,8,10,2,115,67,43,28,18,2,7,2000-06-26,#aeb7c6,411.90,9.78,411.90,690.22,5.5,Early Rounds,Loss,Yevgeny Kafelnikov,10
2000-560,US Open,Hard,128,G,20000828,38,103819,,,Roger Federer,R,185,SUI,19.0554414784,40,892,103193,,,Peter Wessels,R,196,NED,22.3107460643,89,467,4-6 4-6 6-3 7-5 3-4 RET,5,R128,152,15,9,150,85,62,38,25,5,8,15,4,128,81,61,30,24,2,5,2000-08-28,#aeb7c6,429.35,9.95,429.35,690.05,5.5,Early Rounds,Win,Peter Wessels,11
2000-560,US Open,Hard,128,G,20000828,83,103819,,,Roger Federer,R,185,SUI,19.0554414784,40,892,102110,,,Daniel Nestor,L,190,CAN,27.9808350445,307,99,6-1 7-6(5) 6-1,5,R64,92,15,1,88,55,48,18,14,4,4,7,4,77,54,33,10,12,4,8,2000-08-28,#aeb7c6,449.10,10.13,449.10,689.87,5.5,Early Rounds,Win,Daniel Nestor,12
2000-560,US Open,Hard,128,G,20000828,106,103507,12,,Juan Carlos Ferrero,R,183,ESP,20.5420944559,12,1619,103819,,,Roger Federer,R,185,SUI,19.0554414784,40,892,7-5 7-6(6) 1-6 7-6(6),5,R32,173,4,10,151,81,55,36,22,3,9,14,7,135,75,60,30,21,8,12,2000-08-28,#aeb7c6,468.39,10.19,468.39,689.81,5.5,Early Rounds,Loss,Juan Carlos Ferrero,13
2001-580,Australian Open,Hard,128,G,20010115,6,103819,,,Roger Federer,R,185,SUI,19.4387405886,29,1080,103324,,,Arnaud Di Pasquale,R,185,FRA,21.9274469541,61,670,6-4 4-6 6-1 7-5,5,R128,132,6,0,120,81,52,25,19,5,8,1,2,124,78,48,23,20,4,10,2001-01-15,#aeb7c6,488.38,9.78,488.38,690.22,5.5,Early Rounds,Win,Arnaud Di Pasquale,14
2001-580,Australian Open,Hard,128,G,20010115,67,103819,,,Roger Federer,R,185,SUI,19.4387405886,29,1080,102765,,,Nicolas Escude,R,185,FRA,24.7857631759,46,840,6-1 6-4 6-4,5,R64,105,12,6,104,65,47,21,13,5,6,0,2,80,47,27,20,14,2,7,2001-01-15,#aeb7c6,508.37,9.60,508.37,690.40,5.5,Early Rounds,Win,Nicolas Escude,15
2001-580,Australian Open,Hard,128,G,20010115,98,103096,15,,Arnaud Clement,R,173,FRA,23.0800821355,18,1360,103819,,,Roger Federer,R,185,SUI,19.4387405886,29,1080,7-6(5) 6-4 6-4,5,R32,128,3,4,101,61,44,24,16,5,8,13,10,118,74,48,18,16,6,11,2001-01-15,#aeb7c6,529.96,9.43,529.96,690.57,5.5,Early Rounds,Loss,Arnaud Clement,16
2001-520,Roland Garros,Clay,128,G,20010528,53,103819,,,Roger Federer,R,185,SUI,19.8028747433,18,1480,102999,,Q,Stefano Galvani,R,178,ITA,23.9835728953,239,147,6-3 6-3 6-3,5,R128,104,10,5,84,44,33,23,14,11,13,0,12,99,44,25,24,13,13,20,2001-05-28,#aeb7c6,552.68,9.49,552.68,690.51,5.5,Early Rounds,Win,Stefano Galvani,17
2001-520,Roland Garros,Clay,128,G,20010528,91,103819,,,Roger Federer,R,185,SUI,19.8028747433,18,1480,102227,,,Sargis Sargsian,R,180,ARM,27.9835728953,115,361,4-6 3-6 6-2 6-4 9-7,5,R64,197,9,2,147,97,70,30,26,7,10,2,5,169,104,67,39,27,5,10,2001-05-28,#aeb7c6,597.61,9.32,597.61,690.68,5.5,Early Rounds,Win,Sargis Sargsian,18
2001-520,Roland Garros,Clay,128,G,20010528,110,103819,,,Roger Federer,R,185,SUI,19.8028747433,18,1480,103176,,,David Sanchez,R,183,ESP,23.1047227926,89,482,6-4 6-3 1-6 6-3,5,R32,139,4,3,112,72,54,16,17,14,18,2,4,115,70,41,26,18,10,15,2001-05-28,#aeb7c6,576.35,9.14,576.35,690.86,5.5,Early Rounds,Win,David Sanchez,19
2001-520,Roland Garros,Clay,128,G,20010528,119,103819,,,Roger Federer,R,185,SUI,19.8028747433,18,1480,101885,,,Wayne Arthurs,L,190,AUS,30.1957563313,59,693,3-6 6-3 6-4 6-2,5,R16,147,5,3,106,57,45,29,18,3,5,12,9,147,74,53,30,18,19,24,2001-05-28,#49b6c2,296.81,56.74,296.81,643.26,7.2,R16 / Quarter-Final,Win,Wayne Arthurs,20
2001-520,Roland Garros,Clay,128,G,20010528,124,102374,13,,Alex Corretja,R,180,ESP,27.1293634497,13,1825,103819,,,Roger Federer,R,185,SUI,19.8028747433,18,1480,7-5 6-4 7-5,5,QF,161,1,4,127,82,50,23,17,12,16,2,5,104,69,42,15,17,10,17,2001-05-28,#49b6c2,478.81,395.11,478.81,304.89,7.2,R16 / Quarter-Final,Loss,Alex Corretja,21
2001-540,Wimbledon,Grass,128,G,20010625,8,103819,15,,Roger Federer,R,185,SUI,19.8795345654,15,1580,103294,,,Christophe Rochus,R,170,BEL,22.5270362765,83,528,6-2 6-3 6-2,5,R128,66,18,0,65,50,42,9,13,1,2,0,3,72,35,19,17,12,2,8,2001-06-25,#aeb7c6,619.10,8.88,619.10,691.12,5.5,Early Rounds,Win,Christophe Rochus,22
2001-540,Wimbledon,Grass,128,G,20010625,68,103819,15,,Roger Federer,R,185,SUI,19.8795345654,15,1580,103598,,,Xavier Malisse,R,185,BEL,20.9336071184,53,737,6-3 7-5 3-6 4-6 6-3,5,R64,149,10,1,172,113,75,32,25,22,26,8,4,122,79,60,27,24,3,8,2001-06-25,#aeb7c6,641.97,8.80,641.97,691.20,5.5,Early Rounds,Win,Xavier Malisse,23
2001-540,Wimbledon,Grass,128,G,20010625,98,103819,15,,Roger Federer,R,185,SUI,19.8795345654,15,1580,102035,33,,Jonas Bjorkman,R,183,SWE,29.2566735113,41,875,7-6(4) 6-3 7-6(2),5,R32,141,9,4,130,81,59,28,17,10,11,7,8,125,85,60,17,16,6,8,2001-06-25,#aeb7c6,810.35,29.22,810.35,670.78,5.5,Early Rounds,Win,Jonas Bjorkman,24
2001-540,Wimbledon,Grass,128,G,20010625,113,103819,15,,Roger Federer,R,185,SUI,19.8795345654,15,1580,101948,1,,Pete Sampras,R,185,USA,29.8699520876,6,2790,7-6(7) 5-7 6-4 6-7(2) 7-5,5,R16,221,25,6,181,113,93,35,29,9,11,26,9,189,132,101,26,29,11,14,2001-06-25,#49b6c2,654.94,58.96,654.94,641.04,7.2,R16 / Quarter-Final,Win,Pete Sampras,25
2001-540,Wimbledon,Grass,128,G,20010625,121,102450,6,,Tim Henman,R,185,GBR,26.8008213552,11,1995,103819,15,,Roger Federer,R,185,SUI,19.8795345654,15,1580,7-5 7-6(6) 2-6 7-6(6),5,QF,193,7,6,140,89,69,25,22,8,12,12,2,150,91,69,29,22,6,9,2001-06-25,#49b6c2,406.52,397.96,406.52,302.04,7.2,R16 / Quarter-Final,Loss,Tim Henman,26
2001-560,US Open,Hard,128,G,20010827,57,103819,13,,Roger Federer,R,185,SUI,20.052019165,13,1815,102694,,,Lars Burgsmuller,R,183,GER,25.7248459959,72,572,6-4 6-4 6-4,5,R128,123,13,6,110,68,48,25,15,10,10,2,4,93,48,32,27,15,7,10,2001-08-27,#aeb7c6,237.47,9.61,237.47,690.39,5.5,Early Rounds,Win,Lars Burgsmuller,27
2001-560,US Open,Hard,128,G,20010827,93,103819,13,,Roger Federer,R,185,SUI,20.052019165,13,1815,104068,,WC,Robby Ginepri,R,183,USA,18.8884325804,327,92,6-2 7-5 6-1,5,R64,85,16,2,83,55,44,16,14,5,5,1,8,89,46,29,18,13,4,10,2001-08-27,#aeb7c6,236.49,271.92,236.49,428.08,5.5,Early Rounds,Win,Robby Ginepri,28
2001-560,US Open,Hard,128,G,20010827,111,103819,13,,Roger Federer,R,185,SUI,20.052019165,13,1815,102854,24,,Sjeng Schalken,R,193,NED,24.9664613279,24,1253,6-4 7-5 7-6(3),5,R32,118,11,7,93,54,47,21,17,1,3,4,3,110,68,45,19,17,2,6,2001-08-27,#aeb7c6,272.89,315.18,272.89,384.82,5.5,Early Rounds,Win,Sjeng Schalken,29
2001-560,US Open,Hard,128,G,20010827,120,101736,2,,Andre Agassi,R,180,USA,31.3292265572,2,3870,103819,13,,Roger Federer,R,185,SUI,20.052019165,13,1815,6-1 6-2 6-4,5,R16,83,6,1,80,53,38,19,12,9,9,1,2,59,28,17,15,13,1,6,2001-08-27,#49b6c2,683.33,163.19,683.33,536.81,7.2,R16 / Quarter-Final,Loss,Andre Agassi,30
2002-580,Australian Open,Hard,128,G,20020114,9,103819,11,,Roger Federer,R,185,SUI,20.4353182752,12,1845,102021,,,Michael Chang,R,175,USA,29.8945927447,94,445,6-4 6-4 6-3,5,R128,126,9,4,86,57,49,11,15,3,4,2,0,104,58,38,20,14,7,12,2002-01-14,#aeb7c6,361.71,290.27,361.71,409.73,5.5,Early Rounds,Win,Michael Chang,31
2002-580,Australian Open,Hard,128,G,20020114,69,103819,11,,Roger Federer,R,185,SUI,20.4353182752,12,1845,102722,,,Attila Savolt,R,183,HUN,25.9411362081,93,447,6-2 7-5 6-4,5,R64,124,10,0,86,60,48,15,15,4,5,8,5,110,62,47,15,15,8,13,2002-01-14,#aeb7c6,287.03,215.96,287.03,484.04,5.5,Early Rounds,Win,Attila Savolt,32
2002-580,Australian Open,Hard,128,G,20020114,99,103819,11,,Roger Federer,R,185,SUI,20.4353182752,12,1845,102783,,,Rainer Schuettler,R,180,GER,25.7221081451,41,955,7-6(6) 7-6(5) 6-4,5,R32,137,7,1,105,66,50,24,17,0,2,3,4,120,69,49,25,17,4,7,2002-01-14,#aeb7c6,461.33,624.03,461.33,75.97,5.5,Early Rounds,Win,Rainer Schuettler,33
2002-580,Australian Open,Hard,128,G,20020114,114,103163,7,,Tommy Haas,R,188,GER,23.7837097878,9,2150,103819,11,,Roger Federer,R,185,SUI,20.4353182752,12,1845,7-6(3) 4-6 3-6 6-4 8-6,5,R16,215,11,4,172,90,66,49,27,6,10,25,6,175,106,79,35,28,11,14,2002-01-14,#49b6c2,466.09,476.41,466.09,223.59,7.2,R16 / Quarter-Final,Loss,Tommy Haas,34
2002-520,Roland Garros,Clay,128,G,20020527,33,102271,,,Hicham Arazi,L,175,MAR,28.6023271732,45,790,103819,8,,Roger Federer,R,185,SUI,20.7994524298,8,2380,6-3 6-2 6-4,5,R128,95,1,0,80,48,33,20,14,5,7,5,4,85,43,29,15,13,8,14,2002-05-27,#aeb7c6,390.61,341.62,390.61,358.38,5.5,Early Rounds,Loss,Hicham Arazi,35
2002-540,Wimbledon,Grass,128,G,20020624,16,104339,,Q,Mario Ancic,R,196,CRO,18.2340862423,154,244,103819,7,,Roger Federer,R,185,SUI,20.8761122519,9,2160,6-3 7-6(2) 6-3,5,R128,100,5,3,96,51,45,25,16,5,6,1,8,86,47,36,18,14,3,6,2002-06-24,#aeb7c6,674.51,111.71,674.51,588.29,5.5,Early Rounds,Loss,Mario Ancic,36
2002-560,US Open,Hard,128,G,20020826,24,103819,13,,Roger Federer,R,185,SUI,21.0485968515,13,1925,103181,,,Jiri Vanek,R,185,CZE,24.3394934976,157,249,6-1 6-3 4-6 7-5,5,R128,126,8,7,105,58,44,28,19,0,3,5,1,116,59,37,29,19,8,15,2002-08-26,#aeb7c6,205.98,56.96,205.98,643.04,5.5,Early Rounds,Win,Jiri Vanek,37
2002-560,US Open,Hard,128,G,20020826,76,103819,13,,Roger Federer,R,185,SUI,21.0485968515,13,1925,102021,,,Michael Chang,R,175,USA,30.507871321,132,314,6-3 6-1 6-3,5,R64,95,12,7,81,55,43,12,13,4,5,2,5,81,46,28,13,12,3,9,2002-08-26,#aeb7c6,329.58,235.11,329.58,464.89,5.5,Early Rounds,Win,Michael Chang,38
2002-560,US Open,Hard,128,G,20020826,102,103819,13,,Roger Federer,R,185,SUI,21.0485968515,13,1925,103598,19,,Xavier Malisse,R,185,BEL,22.1026694045,19,1410,4-6 6-3 6-4 6-4,5,R32,133,8,4,112,62,48,29,20,3,6,4,6,119,65,44,30,19,8,13,2002-08-26,#aeb7c6,290.45,269.43,290.45,430.57,5.5,Early Rounds,Win,Xavier Malisse,39
2002-560,US Open,Hard,128,G,20020826,115,103018,32,,Max Mirnyi,R,196,BLR,25.1389459274,34,1035,103819,13,,Roger Federer,R,185,SUI,21.0485968515,13,1925,6-3 7-6(5) 6-4,5,R16,112,11,5,101,67,56,20,16,5,5,4,4,93,48,35,28,15,5,7,2002-08-26,#49b6c2,565.69,281.86,565.69,418.14,7.2,R16 / Quarter-Final,Loss,Max Mirnyi,40
2003-580,Australian Open,Hard,128,G,20030113,32,103819,6,,Roger Federer,R,185,SUI,21.4318959617,6,2475,103581,,,Flavio Saretta,R,183,BRA,22.5434633812,83,483,7-6(4) 7-5 6-3,5,R128,168,8,8,126,70,48,28,16,9,12,3,2,139,67,47,29,17,11,17,2003-01-13,#aeb7c6,347.57,214.34,347.57,485.66,5.5,Early Rounds,Win,Flavio Saretta,41
2003-580,Australian Open,Hard,128,G,20030113,80,103819,6,,Roger Federer,R,185,SUI,21.4318959617,6,2475,102694,,,Lars Burgsmuller,R,183,GER,27.1047227926,76,525,6-3 6-0 6-3,5,R64,104,3,4,72,32,24,25,12,0,1,1,6,87,46,21,21,12,3,10,2003-01-13,#aeb7c6,293.19,332.89,293.19,367.11,5.5,Early Rounds,Win,Lars Burgsmuller,42
2003-580,Australian Open,Hard,128,G,20030113,104,103819,6,,Roger Federer,R,185,SUI,21.4318959617,6,2475,103714,,Q,Andreas Vinciguerra,L,180,SWE,21.8973305955,145,264,6-3 6-4 6-2,5,R32,96,9,0,72,45,37,18,14,2,3,4,6,95,54,35,16,13,5,10,2003-01-13,#aeb7c6,254.06,373.61,254.06,326.39,5.5,Early Rounds,Win,Andreas Vinciguerra,43
2003-580,Australian Open,Hard,128,G,20030113,116,103900,10,,David Nalbandian,R,180,ARG,21.0321697467,12,1740,103819,6,,Roger Federer,R,185,SUI,21.4318959617,6,2475,6-4 3-6 6-1 1-6 6-3,5,R16,178,3,2,133,79,50,30,21,10,17,9,9,148,77,58,26,21,9,17,2003-01-13,#49b6c2,588.45,122.16,588.45,577.84,7.2,R16 / Quarter-Final,Loss,David Nalbandian,44
2003-520,Roland Garros,Clay,128,G,20030526,33,103632,,,Luis Horna,R,180,PER,22.6940451745,88,465,103819,5,,Roger Federer,R,185,SUI,21.7960301164,5,2465,7-6(6) 6-2 7-6(3),5,R128,131,4,2,111,86,60,15,16,4,6,10,4,103,59,45,18,16,4,8,2003-05-26,#aeb7c6,333.22,38.19,333.22,661.81,5.5,Early Rounds,Loss,Luis Horna,45
2003-540,Wimbledon,Grass,128,G,20030623,17,103819,4,,Roger Federer,R,185,SUI,21.8726899384,5,2580,102703,,,Hyung Taik Lee,R,180,KOR,27.4688569473,55,686,6-3 6-3 7-6(2),5,R128,105,15,3,99,64,48,19,15,7,9,2,4,97,67,43,11,15,6,11,2003-06-23,#aeb7c6,632.51,64.76,632.51,635.24,5.5,Early Rounds,Win,Hyung Taik Lee,46
2003-540,Wimbledon,Grass,128,G,20030623,73,103819,4,,Roger Federer,R,185,SUI,21.8726899384,5,2580,102905,,,Stefan Koubek,L,175,AUT,26.46954141,70,605,7-5 6-1 6-1,5,R64,77,6,3,73,44,35,16,13,2,3,0,3,75,45,20,15,13,5,12,2003-06-23,#aeb7c6,334.62,362.50,334.62,337.50,5.5,Early Rounds,Win,Stefan Koubek,47
2003-540,Wimbledon,Grass,128,G,20030623,101,103819,4,,Roger Federer,R,185,SUI,21.8726899384,5,2580,103888,,,Mardy Fish,R,188,USA,21.5359342916,45,840,6-3 6-1 4-6 6-1,5,R32,120,13,4,110,59,43,31,17,5,6,9,6,102,56,38,19,16,6,12,2003-06-23,#aeb7c6,311.73,349.81,311.73,350.19,5.5,Early Rounds,Win,Mardy Fish,48
2003-540,Wimbledon,Grass,128,G,20030623,115,103819,4,,Roger Federer,R,185,SUI,21.8726899384,5,2580,103852,,,Feliciano Lopez,L,188,ESP,21.7549623546,52,723,7-6(5) 6-4 6-4,5,R16,126,9,2,104,69,48,17,16,3,6,13,3,127,80,51,24,16,13,18,2003-06-23,#49b6c2,452.03,274.74,452.03,425.26,7.2,R16 / Quarter-Final,Win,Feliciano Lopez,49
2003-540,Wimbledon,Grass,128,G,20030623,122,103819,4,,Roger Federer,R,185,SUI,21.8726899384,5,2580,102854,8,,Sjeng Schalken,R,193,NED,26.7871321013,12,1715,6-3 6-4 6-4,5,QF,98,13,5,92,62,50,15,15,3,4,1,2,102,74,45,12,14,7,11,2003-06-23,#49b6c2,497.48,584.04,497.48,115.96,7.2,R16 / Quarter-Final,Win,Sjeng Schalken,50
2003-540,Wimbledon,Grass,128,G,20030623,125,103819,4,,Roger Federer,R,185,SUI,21.8726899384,5,2580,104053,5,,Andy Roddick,R,188,USA,20.8131416838,6,2390,7-6(6) 6-3 6-3,5,SF,103,17,0,84,51,42,25,15,2,2,4,0,99,57,42,21,15,5,8,2003-06-23,#a56bc5,555.21,73.90,555.21,626.10,9,Semi-Final / Final,Win,Andy Roddick,51
2003-540,Wimbledon,Grass,128,G,20030623,127,103819,4,,Roger Federer,R,185,SUI,21.8726899384,5,2580,102882,,,Mark Philippoussis,R,196,AUS,26.6228610541,48,735,7-6(5) 6-2 7-6(3),5,F,116,21,2,93,53,47,27,16,0,0,14,4,102,70,54,14,16,3,5,2003-06-23,#f1c34a,326.47,323.24,326.47,376.76,11,Title Win,Win,Mark Philippoussis,52
2003-560,US Open,Hard,128,G,20030825,64,103819,2,,Roger Federer,R,185,SUI,22.045174538,2,3825,104076,,,Jose Acasuso,R,190,ARG,20.8459958932,75,507,5-7 6-3 6-3 2-0 RET,5,R128,126,15,3,76,55,47,14,16,2,4,9,3,129,75,48,25,16,12,17,2003-08-25,#aeb7c6,356.16,377.19,356.16,322.81,5.5,Early Rounds,Win,Jose Acasuso,53
2003-560,US Open,Hard,128,G,20030825,96,103819,2,,Roger Federer,R,185,SUI,22.045174538,2,3825,103444,,,Jean Rene Lisnard,R,173,MON,23.9151266256,94,405,6-1 6-2 6-0,5,R64,77,5,2,61,41,34,12,11,1,1,0,8,76,33,16,18,10,7,14,2003-08-25,#aeb7c6,374.94,394.95,374.94,305.05,5.5,Early Rounds,Win,Jean Rene Lisnard,54
2003-560,US Open,Hard,128,G,20030825,112,103819,2,,Roger Federer,R,185,SUI,22.045174538,2,3825,103484,,,James Blake,R,185,USA,23.6577686516,35,995,6-3 7-6(4) 6-3,5,R32,119,10,3,101,62,47,25,16,3,4,5,6,128,78,53,23,14,20,23,2003-08-25,#aeb7c6,389.31,412.43,389.31,287.57,5.5,Early Rounds,Win,James Blake,55
2003-560,US Open,Hard,128,G,20030825,120,103900,13,,David Nalbandian,R,180,ARG,21.6454483231,13,1700,103819,2,,Roger Federer,R,185,SUI,22.045174538,2,3825,3-6 7-6(1) 6-4 6-3,5,R16,172,3,4,112,67,45,28,19,5,9,16,4,143,78,52,28,21,10,16,2003-08-25,#49b6c2,407.53,330.12,407.53,369.88,7.2,R16 / Quarter-Final,Loss,David Nalbandian,56
2004-580,Australian Open,Hard,128,G,20040119,64,103819,2,,Roger Federer,R,185,SUI,22.4476386037,2,4375,104166,,Q,Alex Bogomolov Jr,R,178,RUS,20.7419575633,117,357,6-3 6-4 6-0,5,R128,89,13,3,68,41,33,20,13,0,0,0,3,81,54,35,9,12,4,9,2004-01-19,#aeb7c6,400.30,434.93,400.30,265.07,5.5,Early Rounds,Win,Alex Bogomolov Jr,57
2004-580,Australian Open,Hard,128,G,20040119,96,103819,2,,Roger Federer,R,185,SUI,22.4476386037,2,4375,103319,,Q,Jeff Morrison,R,185,USA,24.9555099247,156,247,6-2 6-3 6-4,5,R64,94,5,2,84,52,40,21,14,4,4,8,0,93,55,37,17,13,7,11,2004-01-19,#aeb7c6,836.13,37.94,836.13,662.06,5.5,Early Rounds,Win,Jeff Morrison,58
2004-580,Australian Open,Hard,128,G,20040119,112,103819,2,,Roger Federer,R,185,SUI,22.4476386037,2,4375,104379,,WC,Todd Reid,R,180,AUS,19.627652293,148,253,6-3 6-0 6-1,5,R32,74,5,3,57,31,23,17,11,0,1,1,3,71,41,18,10,11,6,14,2004-01-19,#aeb7c6,628.21,88.21,628.21,611.79,5.5,Early Rounds,Win,Todd Reid,59
2004-580,Australian Open,Hard,128,G,20040119,120,103819,2,,Roger Federer,R,185,SUI,22.4476386037,2,4375,103720,15,,Lleyton Hewitt,R,180,AUS,22.8993839836,11,1625,4-6 6-3 6-0 6-4,5,R16,138,14,4,117,69,51,27,18,6,7,5,5,113,74,49,19,17,8,13,2004-01-19,#49b6c2,365.22,174.70,365.22,525.30,7.2,R16 / Quarter-Final,Win,Lleyton Hewitt,60
2004-580,Australian Open,Hard,128,G,20040119,124,103819,2,,Roger Federer,R,185,SUI,22.4476386037,2,4375,103900,8,,David Nalbandian,R,180,ARG,22.0479123888,8,2060,7-5 6-4 5-7 6-3,5,QF,161,20,3,127,76,63,22,22,8,11,5,2,117,76,52,25,21,7,12,2004-01-19,#49b6c2,355.48,313.96,355.48,386.04,7.2,R16 / Quarter-Final,Win,David Nalbandian,61
2004-580,Australian Open,Hard,128,G,20040119,126,103819,2,,Roger Federer,R,185,SUI,22.4476386037,2,4375,103507,3,,Juan Carlos Ferrero,R,183,ESP,23.9342915811,3,4145,6-4 6-1 6-4,5,SF,89,11,1,83,60,50,10,14,4,4,6,0,71,41,27,16,13,2,6,2004-01-19,#a56bc5,485.49,529.17,485.49,170.83,9,Semi-Final / Final,Win,Juan Carlos Ferrero,62
2004-580,Australian Open,Hard,128,G,20040119,127,103819,2,,Roger Federer,R,185,SUI,22.4476386037,2,4375,103498,,,Marat Safin,R,193,RUS,23.9780971937,86,430,7-6(3) 6-4 6-2,5,F,135,8,2,90,48,36,25,15,1,3,3,5,116,57,36,28,15,13,18,2004-01-19,#f1c34a,467.43,300.15,467.43,399.85,11,Title Win,Win,Marat Safin,63
2004-520,Roland Garros,Clay,128,G,20040524,1,103819,1,,Roger Federer,R,185,SUI,22.7926078029,1,5540,104019,,LL,Kristof Vliegen,R,193,BEL,21.9219712526,110,370,6-1 6-2 6-1,5,R128,76,4,1,54,33,29,15,11,0,0,0,5,74,46,24,11,11,7,14,2004-05-24,#aeb7c6,394.04,246.48,394.04,453.52,5.5,Early Rounds,Win,Kristof Vliegen,64
2004-520,Roland Garros,Clay,128,G,20040524,65,103819,1,,Roger Federer,R,185,SUI,22.7926078029,1,5540,103017,,,Nicolas Kiefer,R,183,GER,26.8856947296,34,1005,6-3 6-4 7-6(6),5,R64,151,5,12,126,67,53,23,15,12,15,2,6,109,56,39,21,16,7,13,2004-05-24,#aeb7c6,350.56,189.23,350.56,510.77,5.5,Early Rounds,Win,Nicolas Kiefer,65
2004-520,Roland Garros,Clay,128,G,20040524,97,102856,28,,Gustavo Kuerten,R,190,BRA,27.7015742642,30,1065,103819,1,,Roger Federer,R,185,SUI,22.7926078029,1,5540,6-4 6-4 6-4,5,R32,124,6,0,91,47,33,29,15,1,2,10,2,95,60,41,17,15,8,12,2004-05-24,#aeb7c6,658.03,154.04,658.03,545.96,5.5,Early Rounds,Loss,Gustavo Kuerten,66
2004-540,Wimbledon,Grass,128,G,20040621,1,103819,1,,Roger Federer,R,185,SUI,22.8692676249,1,5610,104372,,WC,Alex Bogdanovic,L,183,GBR,20.0821355236,295,112,6-3 6-3 6-0,5,R128,80,6,4,64,43,37,14,12,2,2,3,2,86,64,37,8,12,6,12,2004-06-21,#aeb7c6,624.56,146.76,624.56,553.24,5.5,Early Rounds,Win,Alex Bogdanovic,67
2004-540,Wimbledon,Grass,128,G,20040621,65,103819,1,,Roger Federer,R,185,SUI,22.8692676249,1,5610,104268,,Q,Alejandro Falla,L,185,COL,20.6023271732,138,303,6-1 6-2 6-0,5,R64,54,6,1,57,43,36,9,11,0,0,2,1,52,31,15,7,10,1,8,2004-06-21,#aeb7c6,499.96,117.56,499.96,582.44,5.5,Early Rounds,Win,Alejandro Falla,68
2004-540,Wimbledon,Grass,128,G,20040621,97,103819,1,,Roger Federer,R,185,SUI,22.8692676249,1,5610,102563,,,Thomas Johansson,R,180,SWE,29.2457221081,123,335,6-3 6-4 6-3,5,R32,98,11,2,80,53,42,18,14,2,2,4,0,90,49,37,17,14,7,11,2004-06-21,#aeb7c6,626.19,213.64,626.19,486.36,5.5,Early Rounds,Win,Thomas Johansson,69
2004-540,Wimbledon,Grass,128,G,20040621,113,103819,1,,Roger Federer,R,185,SUI,22.8692676249,1,5610,103333,,,Ivo Karlovic,R,208,CRO,25.311430527,62,626,6-3 7-6(3) 7-6(5),5,R16,110,6,1,96,72,59,20,17,2,2,14,2,100,69,50,21,16,3,4,2004-06-21,#49b6c2,538.75,293.98,538.75,406.02,7.2,R16 / Quarter-Final,Win,Ivo Karlovic,70
2004-540,Wimbledon,Grass,128,G,20040621,121,103819,1,,Roger Federer,R,185,SUI,22.8692676249,1,5610,103720,7,,Lleyton Hewitt,R,180,AUS,23.3210130048,10,1745,6-1 6-7(1) 6-0 6-4,5,QF,140,19,0,125,72,51,30,18,10,11,4,7,102,53,31,29,17,7,14,2004-06-21,#49b6c2,265.33,165.61,265.33,534.39,7.2,R16 / Quarter-Final,Win,Lleyton Hewitt,71
2004-540,Wimbledon,Grass,128,G,20040621,125,103819,1,,Roger Federer,R,185,SUI,22.8692676249,1,5610,103206,10,,Sebastien Grosjean,R,175,FRA,26.0643394935,13,1665,6-2 6-3 7-6(6),5,SF,120,6,3,91,54,41,20,14,1,2,2,2,106,62,39,17,15,6,11,2004-06-21,#a56bc5,356.72,35.47,356.72,664.53,9,Semi-Final / Final,Win,Sebastien Grosjean,72
2004-540,Wimbledon,Grass,128,G,20040621,127,103819,1,,Roger Federer,R,185,SUI,22.8692676249,1,5610,104053,2,,Andy Roddick,R,188,USA,21.8097193703,2,4695,4-6 7-5 7-6(3) 6-4,5,F,151,12,3,154,95,64,34,22,10,14,11,5,133,81,60,21,22,5,10,2004-06-21,#f1c34a,437.97,537.02,437.97,162.98,11,Title Win,Win,Andy Roddick,73
2004-560,US Open,Hard,128,G,20040830,1,103819,1,,Roger Federer,R,185,SUI,23.06091718,1,5910,102610,,,Albert Costa,R,180,ESP,29.18275154,44,785,7-5 6-2 6-4,5,R128,120,11,5,73,49,39,11,15,0,3,1,3,109,64,36,19,15,12,19,2004-08-30,#aeb7c6,662.35,254.18,662.35,445.82,5.5,Early Rounds,Win,Albert Costa,74
2004-560,US Open,Hard,128,G,20040830,65,103819,1,,Roger Federer,R,185,SUI,23.06091718,1,5910,104571,,Q,Marcos Baghdatis,R,183,CYP,19.2032854209,240,153,6-2 6-7(4) 6-3 6-1,5,R64,124,8,5,104,61,50,25,18,2,4,5,8,117,64,41,21,18,2,10,2004-08-30,#aeb7c6,645.25,276.76,645.25,423.24,5.5,Early Rounds,Win,Marcos Baghdatis,75
2004-560,US Open,Hard,128,G,20040830,97,103819,1,,Roger Federer,R,185,SUI,23.06091718,1,5910,102148,31,,Fabrice Santoro,R,178,FRA,31.7234770705,34,917,6-0 6-4 7-6(7),5,R32,123,10,2,96,59,46,21,14,1,1,2,2,95,56,36,20,14,4,8,2004-08-30,#aeb7c6,586.37,360.96,586.37,339.04,5.5,Early Rounds,Win,Fabrice Santoro,76
2004-560,US Open,Hard,128,G,20040830,113,103819,1,,Roger Federer,R,185,SUI,23.06091718,1,5910,102318,16,,Andrei Pavel,R,183,ROU,30.5900068446,18,1310,W/O,5,R16,,,,,,,,,,,,,,,,,,,,2004-08-30,#49b6c2,520.97,356.16,520.97,343.84,7.2,R16 / Quarter-Final,Win,Andrei Pavel,77
2004-560,US Open,Hard,128,G,20040830,121,103819,1,,Roger Federer,R,185,SUI,23.06091718,1,5910,101736,6,,Andre Agassi,R,180,USA,34.3381245722,7,2340,6-3 2-6 7-5 3-6 6-3,5,QF,180,16,9,158,101,75,27,24,6,9,4,4,142,97,69,27,23,7,10,2004-08-30,#49b6c2,530.01,75.48,530.01,624.52,7.2,R16 / Quarter-Final,Win,Andre Agassi,78
2004-560,US Open,Hard,128,G,20040830,125,103819,1,,Roger Federer,R,185,SUI,23.06091718,1,5910,102450,5,,Tim Henman,R,185,GBR,29.9822039699,6,2380,6-3 6-4 6-4,5,SF,104,7,2,84,53,40,20,15,2,4,4,1,74,45,28,18,14,2,7,2004-08-30,#a56bc5,261.51,209.22,261.51,490.78,9,Semi-Final / Final,Win,Tim Henman,79
2004-560,US Open,Hard,128,G,20040830,127,103819,1,,Roger Federer,R,185,SUI,23.06091718,1,5910,103720,4,,Lleyton Hewitt,R,180,AUS,23.5126625599,5,2605,6-0 7-6(3) 6-0,5,F,109,11,1,89,49,38,22,12,5,6,1,4,75,41,23,12,12,6,13,2004-08-30,#f1c34a,289.79,240.46,289.79,459.54,11,Title Win,Win,Lleyton Hewitt,80
2005-580,Australian Open,Hard,128,G,20050117,1,103819,1,,Roger Federer,R,185,SUI,23.4442162902,1,6525,102148,,,Fabrice Santoro,R,178,FRA,32.1067761807,49,793,6-1 6-1 6-2,5,R128,94,4,1,68,41,33,15,11,6,6,1,2,98,68,33,13,11,11,18,2005-01-17,#aeb7c6,682.89,7.98,682.89,692.02,5.5,Early Rounds,Win,Fabrice Santoro,81
2005-580,Australian Open,Hard,128,G,20050117,65,103819,1,,Roger Federer,R,185,SUI,23.4442162902,1,6525,102863,,Q,Takao Suzuki,R,175,JPN,28.3258042437,203,203,6-3 6-4 6-4,5,R64,113,7,0,84,59,45,17,15,3,4,7,3,105,71,39,21,14,7,11,2005-01-17,#aeb7c6,623.99,304.64,623.99,395.36,5.5,Early Rounds,Win,Takao Suzuki,82
2005-580,Australian Open,Hard,128,G,20050117,97,103819,1,,Roger Federer,R,185,SUI,23.4442162902,1,6525,103813,,,Jarkko Nieminen,L,185,FIN,23.4880219028,87,459,6-3 5-2 RET,5,R32,57,2,1,49,35,23,8,8,3,5,1,3,56,36,16,9,8,2,7,2005-01-17,#aeb7c6,603.84,325.39,603.84,374.61,5.5,Early Rounds,Win,Jarkko Nieminen,83
2005-580,Australian Open,Hard,128,G,20050117,113,103819,1,,Roger Federer,R,185,SUI,23.4442162902,1,6525,104571,,Q,Marcos Baghdatis,R,183,CYP,19.5865845311,155,285,6-2 6-2 7-6(4),5,R16,103,9,0,78,47,40,20,14,0,1,4,1,96,51,30,25,14,3,8,2005-01-17,#49b6c2,490.91,560.93,490.91,139.07,7.2,R16 / Quarter-Final,Win,Marcos Baghdatis,84
2005-580,Australian Open,Hard,128,G,20050117,121,103819,1,,Roger Federer,R,185,SUI,23.4442162902,1,6525,101736,8,,Andre Agassi,R,180,USA,34.7214236824,8,2100,6-3 6-4 6-4,5,QF,99,22,4,99,65,50,21,15,4,4,1,2,79,44,33,18,14,3,6,2005-01-17,#49b6c2,309.76,649.92,309.76,50.08,7.2,R16 / Quarter-Final,Win,Andre Agassi,85
2005-580,Australian Open,Hard,128,G,20050117,125,103498,4,,Marat Safin,R,193,RUS,24.9746748802,4,3060,103819,1,,Roger Federer,R,185,SUI,23.4442162902,1,6525,5-7 6-4 5-7 7-6(6) 9-7,5,SF,268,16,1,207,123,91,44,31,10,14,22,8,188,107,88,41,31,9,13,2005-01-17,#a56bc5,313.87,259.27,313.87,440.73,9,Semi-Final / Final,Loss,Marat Safin,86
2005-520,Roland Garros,Clay,128,G,20050523,1,103819,1,,Roger Federer,R,185,SUI,23.7891854894,1,6605,104534,,Q,Dudi Sela,R,175,ISR,20.1341546886,264,143,6-1 6-4 6-0,5,R128,89,2,5,75,47,33,14,12,4,6,0,5,79,49,20,12,11,8,16,2005-05-23,#aeb7c6,582.02,341.95,582.02,358.05,5.5,Early Rounds,Win,Dudi Sela,87
2005-520,Roland Garros,Clay,128,G,20050523,65,103819,1,,Roger Federer,R,185,SUI,23.7891854894,1,6605,104597,,,Nicolas Almagro,R,183,ESP,19.7535934292,76,506,6-3 7-6(0) 6-2,5,R64,107,6,3,88,53,43,22,15,1,2,7,6,91,54,38,14,14,6,10,2005-05-23,#aeb7c6,560.05,358.29,560.05,341.71,5.5,Early Rounds,Win,Nicolas Almagro,88
2005-520,Roland Garros,Clay,128,G,20050523,97,103819,1,,Roger Federer,R,185,SUI,23.7891854894,1,6605,103602,25,,Fernando Gonzalez,R,183,CHI,24.8158795346,26,1200,7-6(9) 7-5 6-2,5,R32,130,11,1,96,63,49,22,16,1,3,1,6,112,60,41,26,16,3,8,2005-05-23,#aeb7c6,536.00,377.68,536.00,322.32,5.5,Early Rounds,Win,Fernando Gonzalez,89
2005-520,Roland Garros,Clay,128,G,20050523,113,103819,1,,Roger Federer,R,185,SUI,23.7891854894,1,6605,102845,14,,Carlos Moya,R,190,ESP,28.7364818617,15,1430,6-1 6-4 6-3,5,R16,102,2,2,77,44,30,22,13,1,2,0,3,95,63,35,15,13,12,18,2005-05-23,#49b6c2,465.85,554.27,465.85,145.73,7.2,R16 / Quarter-Final,Win,Carlos Moya,90
2005-520,Roland Garros,Clay,128,G,20050523,121,103819,1,,Roger Federer,R,185,SUI,23.7891854894,1,6605,103812,,,Victor Hanescu,R,198,ROU,23.8384668036,90,455,6-2 7-6(3) 6-3,5,QF,124,7,7,92,43,35,28,15,1,3,2,3,110,78,46,14,14,11,16,2005-05-23,#49b6c2,598.66,147.97,598.66,552.03,7.2,R16 / Quarter-Final,Win,Victor Hanescu,91
2005-520,Roland Garros,Clay,128,G,20050523,125,104745,4,,Rafael Nadal,L,185,ESP,18.970568104,5,2600,103819,1,,Roger Federer,R,185,SUI,23.7891854894,1,6605,6-3 4-6 6-4 6-3,5,SF,167,2,4,120,88,54,16,19,6,12,3,5,119,74,47,17,19,4,13,2005-05-23,#a56bc5,327.26,289.38,327.26,410.62,9,Semi-Final / Final,Loss,Rafael Nadal,92
2005-540,Wimbledon,Grass,128,G,20050620,1,103819,1,,Roger Federer,R,185,SUI,23.8658453114,1,6980,103908,,,Paul Henri Mathieu,R,185,FRA,23.4360027379,58,649,6-4 6-2 6-4,5,R128,110,18,1,72,51,43,12,14,1,2,2,2,95,59,37,17,14,10,15,2005-06-20,#aeb7c6,516.93,396.10,516.93,303.90,5.5,Early Rounds,Win,Paul Henri Mathieu,93
2005-540,Wimbledon,Grass,128,G,20050620,65,103819,1,,Roger Federer,R,185,SUI,23.8658453114,1,6980,104371,,,Ivo Minar,R,183,CZE,21.0814510609,99,402,6-4 6-4 6-1,5,R64,82,10,1,72,54,46,12,14,2,2,3,6,93,51,35,17,13,3,7,2005-06-20,#aeb7c6,500.89,413.01,500.89,286.99,5.5,Early Rounds,Win,Ivo Minar,94
2005-540,Wimbledon,Grass,128,G,20050620,97,103819,1,,Roger Federer,R,185,SUI,23.8658453114,1,6980,103017,25,,Nicolas Kiefer,R,183,GER,27.9589322382,26,1230,6-2 6-7(5) 6-1 7-5,5,R32,155,14,4,115,81,58,22,20,2,4,5,2,108,56,44,19,19,2,9,2005-06-20,#aeb7c6,404.67,220.03,404.67,479.97,5.5,Early Rounds,Win,Nicolas Kiefer,95
2005-540,Wimbledon,Grass,128,G,20050620,113,103819,1,,Roger Federer,R,185,SUI,23.8658453114,1,6980,103507,23,,Juan Carlos Ferrero,R,183,ESP,25.3524982888,31,1075,6-3 6-4 7-6(6),5,R16,135,12,1,102,67,53,19,16,2,3,4,3,110,73,53,15,15,6,9,2005-06-20,#49b6c2,435.23,297.15,435.23,402.85,7.2,R16 / Quarter-Final,Win,Juan Carlos Ferrero,96
2005-540,Wimbledon,Grass,128,G,20050620,121,103819,1,,Roger Federer,R,185,SUI,23.8658453114,1,6980,103602,21,,Fernando Gonzalez,R,183,CHI,24.8925393566,24,1270,7-5 6-2 7-6(2),5,QF,111,9,0,89,53,41,26,16,2,3,5,4,98,65,42,18,16,2,6,2005-06-20,#49b6c2,417.54,107.14,417.54,592.86,7.2,R16 / Quarter-Final,Win,Fernando Gonzalez,97
2005-540,Wimbledon,Grass,128,G,20050620,125,103819,1,,Roger Federer,R,185,SUI,23.8658453114,1,6980,103720,3,,Lleyton Hewitt,R,180,AUS,24.3175906913,2,3640,6-3 6-4 7-6(4),5,SF,128,10,3,94,49,42,26,16,0,1,5,4,102,47,35,31,15,5,8,2005-06-20,#a56bc5,623.66,257.23,623.66,442.77,9,Semi-Final / Final,Win,Lleyton Hewitt,98
2005-540,Wimbledon,Grass,128,G,20050620,127,103819,1,,Roger Federer,R,185,SUI,23.8658453114,1,6980,104053,2,,Andy Roddick,R,188,USA,22.8062970568,4,3590,6-2 7-6(2) 6-4,5,F,101,12,0,79,49,40,22,15,1,2,7,1,96,68,46,11,15,5,9,2005-06-20,#f1c34a,291.99,294.19,291.99,405.81,11,Title Win,Win,Andy Roddick,99
2005-560,US Open,Hard,128,G,20050829,1,103819,1,,Roger Federer,R,185,SUI,24.0574948665,1,6975,104371,,,Ivo Minar,R,183,CZE,21.273100616,77,509,6-1 6-1 6-1,5,R128,63,11,2,63,45,38,9,11,1,1,3,3,59,35,19,6,10,3,10,2005-08-29,#aeb7c6,660.87,8.30,660.87,691.70,5.5,Early Rounds,Win,Ivo Minar,100
2005-560,US Open,Hard,128,G,20050829,65,103819,1,,Roger Federer,R,185,SUI,24.0574948665,1,6975,102148,,,Fabrice Santoro,R,178,FRA,32.720054757,76,509,7-5 7-5 7-6(2),5,R64,137,9,3,111,76,61,18,18,4,6,5,0,120,78,48,24,18,6,10,2005-08-29,#aeb7c6,492.35,434.29,492.35,265.71,5.5,Early Rounds,Win,Fabrice Santoro,101
2005-560,US Open,Hard,128,G,20050829,97,103819,1,,Roger Federer,R,185,SUI,24.0574948665,1,6975,103694,27,,Olivier Rochus,R,168,BEL,24.6105407255,29,1100,6-3 7-6(6) 6-2,5,R32,114,10,2,95,66,56,13,15,1,2,2,3,97,62,38,19,14,4,8,2005-08-29,#aeb7c6,216.75,9.87,216.75,690.13,5.5,Early Rounds,Win,Olivier Rochus,102
2005-560,US Open,Hard,128,G,20050829,113,103819,1,,Roger Federer,R,185,SUI,24.0574948665,1,6975,103017,,,Nicolas Kiefer,R,183,GER,28.1505817933,38,900,6-4 6-7(3) 6-3 6-4,5,R16,180,7,4,133,81,58,31,21,4,6,12,11,131,71,52,29,20,6,11,2005-08-29,#49b6c2,443.09,60.76,443.09,639.24,7.2,R16 / Quarter-Final,Win,Nicolas Kiefer,103
2005-560,US Open,Hard,128,G,20050829,121,103819,1,,Roger Federer,R,185,SUI,24.0574948665,1,6975,103900,11,,David Nalbandian,R,180,ARG,23.6577686516,11,1700,6-2 6-4 6-1,5,QF,99,11,0,74,40,32,18,13,3,5,0,6,75,42,23,11,12,4,11,2005-08-29,#49b6c2,614.66,114.40,614.66,585.60,7.2,R16 / Quarter-Final,Win,David Nalbandian,104
2005-560,US Open,Hard,128,G,20050829,125,103819,1,,Roger Federer,R,185,SUI,24.0574948665,1,6975,103720,3,,Lleyton Hewitt,R,180,AUS,24.5092402464,4,3335,6-3 7-6(0) 4-6 6-3,5,SF,178,8,2,150,91,62,34,21,10,13,6,8,140,69,53,28,19,11,15,2005-08-29,#a56bc5,430.33,198.22,430.33,501.78,9,Semi-Final / Final,Win,Lleyton Hewitt,105
2005-560,US Open,Hard,128,G,20050829,127,103819,1,,Roger Federer,R,185,SUI,24.0574948665,1,6975,101736,7,,Andre Agassi,R,180,USA,35.3347022587,7,2190,6-3 2-6 7-6(1) 6-1,5,F,139,19,0,107,81,60,15,19,3,6,6,4,131,78,45,29,17,14,18,2005-08-29,#f1c34a,667.75,188.27,667.75,511.73,11,Title Win,Win,Andre Agassi,106
2006-580,Australian Open,Hard,128,G,20060116,1,103819,1,,Roger Federer,R,185,SUI,24.4407939767,1,6725,104797,,WC,Denis Istomin,R,188,UZB,19.3593429158,195,198,6-2 6-3 6-2,5,R128,83,2,0,67,46,38,12,13,2,3,8,3,83,53,31,11,12,5,11,2006-01-16,#aeb7c6,196.53,10.17,196.53,689.83,5.5,Early Rounds,Win,Denis Istomin,107
2006-580,Australian Open,Hard,128,G,20060116,65,103819,1,,Roger Federer,R,185,SUI,24.4407939767,1,6725,104252,,,Florian Mayer,R,190,GER,22.2833675565,69,544,6-1 6-4 6-0,5,R64,72,9,1,74,45,34,18,12,1,1,2,5,69,44,23,11,11,4,10,2006-01-16,#aeb7c6,175.73,14.41,175.73,685.59,5.5,Early Rounds,Win,Florian Mayer,108
2006-580,Australian Open,Hard,128,G,20060116,97,103819,1,,Roger Federer,R,185,SUI,24.4407939767,1,6725,103018,30,,Max Mirnyi,R,196,BLR,28.5311430527,34,890,6-3 6-4 6-3,5,R32,109,6,2,70,47,37,20,14,1,1,5,6,108,72,50,11,14,11,15,2006-01-16,#aeb7c6,155.03,51.42,155.03,648.58,5.5,Early Rounds,Win,Max Mirnyi,109
2006-580,Australian Open,Hard,128,G,20060116,113,103819,1,,Roger Federer,R,185,SUI,24.4407939767,1,6725,103163,,,Tommy Haas,R,188,GER,27.7891854894,41,825,6-4 6-0 3-6 4-6 6-2,5,R16,178,10,1,132,77,60,29,21,7,9,5,0,138,89,56,28,22,5,11,2006-01-16,#49b6c2,424.02,350.21,424.02,349.79,7.2,R16 / Quarter-Final,Win,Tommy Haas,110
2006-580,Australian Open,Hard,128,G,20060116,121,103819,1,,Roger Federer,R,185,SUI,24.4407939767,1,6725,103786,5,,Nikolay Davydenko,R,178,RUS,24.6242299795,5,2355,6-4 3-6 7-6(7) 7-6(5),5,QF,193,6,0,139,86,64,28,22,5,10,1,2,144,111,78,14,21,6,10,2006-01-16,#49b6c2,609.94,177.14,609.94,522.86,7.2,R16 / Quarter-Final,Win,Nikolay Davydenko,111
2006-580,Australian Open,Hard,128,G,20060116,125,103819,1,,Roger Federer,R,185,SUI,24.4407939767,1,6725,103017,21,,Nicolas Kiefer,R,183,GER,28.5338809035,25,1215,6-3 5-7 6-0 6-2,5,SF,160,7,5,106,70,50,24,18,3,4,14,7,122,62,44,23,17,13,19,2006-01-16,#a56bc5,493.97,336.57,493.97,363.43,9,Semi-Final / Final,Win,Nicolas Kiefer,112
2006-580,Australian Open,Hard,128,G,20060116,127,103819,1,,Roger Federer,R,185,SUI,24.4407939767,1,6725,104571,,,Marcos Baghdatis,R,183,CYP,20.5831622177,54,684,5-7 7-5 6-0 6-2,5,F,166,11,6,144,77,55,34,19,7,10,6,2,114,55,39,22,19,4,12,2006-01-16,#f1c34a,690.26,136.48,690.26,563.52,11,Title Win,Win,Marcos Baghdatis,113
2006-520,Roland Garros,Clay,128,G,20060529,1,103819,1,,Roger Federer,R,185,SUI,24.8049281314,1,7010,103701,,Q,Diego Hartfield,R,185,ARG,25.3223819302,157,265,7-5 7-6(2) 6-2,5,R128,156,5,2,106,70,48,22,16,6,9,0,2,133,92,53,20,16,15,21,2006-05-29,#aeb7c6,136.48,38.83,136.48,661.17,5.5,Early Rounds,Win,Diego Hartfield,114
2006-520,Roland Garros,Clay,128,G,20060529,65,103819,1,,Roger Federer,R,185,SUI,24.8049281314,1,7010,104268,,LL,Alejandro Falla,L,185,COL,22.5379876797,139,309,6-1 6-4 6-3,5,R64,86,4,0,68,46,40,15,13,3,3,4,1,86,57,33,14,13,6,11,2006-05-29,#aeb7c6,159.59,28.66,159.59,671.34,5.5,Early Rounds,Win,Alejandro Falla,115
2006-520,Roland Garros,Clay,128,G,20060529,97,103819,1,,Roger Federer,R,185,SUI,24.8049281314,1,7010,103454,32,,Nicolas Massu,R,183,CHI,26.6338124572,35,885,6-1 6-2 6-7(4) 7-5,5,R32,155,6,3,114,70,52,29,20,5,7,4,5,119,77,51,18,19,5,12,2006-05-29,#aeb7c6,116.60,23.71,116.60,676.29,5.5,Early Rounds,Win,Nicolas Massu,116
2006-520,Roland Garros,Clay,128,G,20060529,113,103819,1,,Roger Federer,R,185,SUI,24.8049281314,1,7010,104607,20,,Tomas Berdych,R,196,CZE,20.6954140999,20,1390,6-3 6-2 6-3,5,R16,107,9,1,79,50,38,16,13,2,3,7,3,92,54,39,10,13,10,16,2006-05-29,#49b6c2,436.35,507.00,436.35,193.00,7.2,R16 / Quarter-Final,Win,Tomas Berdych,117
2006-520,Roland Garros,Clay,128,G,20060529,121,103819,1,,Roger Federer,R,185,SUI,24.8049281314,1,7010,104339,12,,Mario Ancic,R,196,CRO,22.1629021218,12,1710,6-4 6-3 6-4,5,QF,137,4,0,104,65,43,28,15,8,9,3,2,100,64,45,13,14,14,18,2006-05-29,#49b6c2,354.17,122.12,354.17,577.88,7.2,R16 / Quarter-Final,Win,Mario Ancic,118
2006-520,Roland Garros,Clay,128,G,20060529,125,103819,1,,Roger Federer,R,185,SUI,24.8049281314,1,7010,103900,3,,David Nalbandian,R,180,ARG,24.4052019165,3,3065,3-6 6-4 5-2 RET,5,SF,98,4,1,72,41,32,15,13,2,5,1,5,74,49,28,17,13,4,8,2006-05-29,#a56bc5,312.02,82.78,312.02,617.22,9,Semi-Final / Final,Win,David Nalbandian,119
2006-520,Roland Garros,Clay,128,G,20060529,127,104745,2,,Rafael Nadal,L,185,ESP,19.9863107461,2,4545,103819,1,,Roger Federer,R,185,SUI,24.8049281314,1,7010,1-6 6-1 6-4 7-6(4),5,F,182,3,0,111,85,59,17,18,7,10,8,1,119,72,49,25,18,8,12,2006-05-29,#a56bc5,315.88,208.23,315.88,491.77,9,Semi-Final / Final,Loss,Rafael Nadal,120
2006-540,Wimbledon,Grass,128,G,20060626,1,103819,1,,Roger Federer,R,185,SUI,24.8815879535,1,7260,104755,,,Richard Gasquet,R,185,FRA,20.0219028063,50,760,6-3 6-2 6-2,5,R128,74,5,1,70,47,40,15,13,1,1,2,1,69,54,30,8,12,2,7,2006-06-26,#aeb7c6,94.11,12.96,94.11,687.04,5.5,Early Rounds,Win,Richard Gasquet,121
2006-540,Wimbledon,Grass,128,G,20060626,65,103819,1,,Roger Federer,R,185,SUI,24.8815879535,1,7260,102450,,,Tim Henman,R,185,GBR,31.8028747433,64,615,6-4 6-0 6-2,5,R64,85,6,0,71,44,35,17,12,2,2,0,3,61,38,21,8,12,2,8,2006-06-26,#aeb7c6,69.29,10.61,69.29,689.39,5.5,Early Rounds,Win,Tim Henman,122
2006-540,Wimbledon,Grass,128,G,20060626,97,103819,1,,Roger Federer,R,185,SUI,24.8815879535,1,7260,103917,,,Nicolas Mahut,R,190,FRA,24.4271047228,77,530,6-3 7-6(2) 6-4,5,R32,125,7,1,93,60,43,26,16,1,2,10,5,96,58,40,19,15,5,8,2006-06-26,#aeb7c6,48.48,19.09,48.48,680.91,5.5,Early Rounds,Win,Nicolas Mahut,123
2006-540,Wimbledon,Grass,128,G,20060626,113,103819,1,,Roger Federer,R,185,SUI,24.8815879535,1,7260,104607,13,,Tomas Berdych,R,196,CZE,20.772073922,14,1635,6-3 6-3 6-4,5,R16,83,21,1,72,49,41,17,14,1,1,1,3,84,57,36,13,14,3,7,2006-06-26,#49b6c2,508.37,250.00,508.37,450.00,7.2,R16 / Quarter-Final,Win,Tomas Berdych,124
2006-540,Wimbledon,Grass,128,G,20060626,121,103819,1,,Roger Federer,R,185,SUI,24.8815879535,1,7260,104339,7,,Mario Ancic,R,196,CRO,22.2395619439,10,1885,6-4 6-4 6-4,5,QF,107,7,1,87,50,39,24,15,2,3,7,1,80,46,33,18,15,3,7,2006-06-26,#49b6c2,511.42,306.50,511.42,393.50,7.2,R16 / Quarter-Final,Win,Mario Ancic,125
2006-540,Wimbledon,Grass,128,G,20060626,125,103819,1,,Roger Federer,R,185,SUI,24.8815879535,1,7260,102035,,,Jonas Bjorkman,R,183,SWE,34.2587268994,59,638,6-2 6-0 6-2,5,SF,77,9,0,59,43,36,10,11,0,0,3,2,64,39,20,10,11,2,9,2006-06-26,#a56bc5,406.75,371.22,406.75,328.78,9,Semi-Final / Final,Win,Jonas Bjorkman,126
2006-540,Wimbledon,Grass,128,G,20060626,127,103819,1,,Roger Federer,R,185,SUI,24.8815879535,1,7260,104745,2,,Rafael Nadal,L,185,ESP,20.0629705681,2,4545,6-0 7-6(5) 6-7(2) 6-3,5,F,178,13,1,119,83,64,20,20,1,3,9,3,127,94,64,14,19,4,10,2006-06-26,#f1c34a,373.30,65.63,373.30,634.37,11,Title Win,Win,Rafael Nadal,127
2006-560,US Open,Hard,128,G,20060828,1,103819,1,,Roger Federer,R,185,SUI,25.054072553,1,7295,104499,,,Jimmy Wang,R,178,TPE,21.5496235455,109,394,6-4 6-1 6-0,5,R128,99,7,1,64,39,35,11,11,0,1,3,6,104,50,27,20,12,10,18,2006-08-28,#aeb7c6,30.83,34.58,30.83,665.42,5.5,Early Rounds,Win,Jimmy Wang,128
2006-560,US Open,Hard,128,G,20060828,65,103819,1,,Roger Federer,R,185,SUI,25.054072553,1,7295,102450,,,Tim Henman,R,185,GBR,31.9753593429,62,640,6-3 6-4 7-5,5,R64,121,6,1,81,56,46,17,16,0,1,2,6,113,64,44,21,15,9,13,2006-08-28,#aeb7c6,7.06,83.65,7.06,616.35,5.5,Early Rounds,Win,Tim Henman,129
2006-560,US Open,Hard,128,G,20060828,97,103819,1,,Roger Federer,R,185,SUI,25.054072553,1,7295,102434,,,Vincent Spadea,R,183,USA,32.1095140315,84,490,6-3 6-3 6-0,5,R32,88,7,0,74,46,38,16,12,4,4,2,2,75,42,22,17,12,5,11,2006-08-28,#aeb7c6,15.00,137.13,15.00,562.87,5.5,Early Rounds,Win,Vincent Spadea,130
2006-560,US Open,Hard,128,G,20060828,113,103819,1,,Roger Federer,R,185,SUI,25.054072553,1,7295,102967,,,Marc Gicquel,R,188,FRA,29.4127310062,79,504,6-3 7-6(2) 6-3,5,R16,104,15,2,94,61,48,23,16,5,5,8,0,87,43,33,22,14,1,3,2006-08-28,#49b6c2,478.10,646.56,478.10,53.44,7.2,R16 / Quarter-Final,Win,Marc Gicquel,131
2006-560,US Open,Hard,128,G,20060828,121,103819,1,,Roger Federer,R,185,SUI,25.054072553,1,7295,103484,5,,James Blake,R,185,USA,26.6666666667,7,2085,7-6(7) 6-0 6-7(9) 6-4,5,QF,165,9,4,137,84,66,24,20,5,8,8,4,154,91,54,31,20,10,17,2006-08-28,#49b6c2,478.76,608.69,478.76,91.31,7.2,R16 / Quarter-Final,Win,James Blake,132
2006-560,US Open,Hard,128,G,20060828,125,103819,1,,Roger Federer,R,185,SUI,25.054072553,1,7295,103786,7,,Nikolay Davydenko,R,178,RUS,25.2375085558,6,2175,6-1 7-5 6-4,5,SF,101,4,1,81,54,41,16,15,1,3,2,2,85,60,31,15,14,2,8,2006-08-28,#a56bc5,423.44,237.13,423.44,462.87,9,Semi-Final / Final,Win,Nikolay Davydenko,133
2006-560,US Open,Hard,128,G,20060828,127,103819,1,,Roger Federer,R,185,SUI,25.054072553,1,7295,104053,9,,Andy Roddick,R,188,USA,23.9945242984,10,1890,6-2 4-6 7-5 6-1,5,F,145,17,0,103,63,53,20,19,6,8,7,1,122,80,53,16,18,10,16,2006-08-28,#f1c34a,233.71,66.04,233.71,633.96,11,Title Win,Win,Andy Roddick,134
2007-580,Australian Open,Hard,128,G,20070115,1,103819,1,,Roger Federer,R,185,SUI,25.4373716632,1,8120,103451,,,Bjorn Phau,R,175,GER,27.2826830938,82,483,7-5 6-0 6-4,5,R128,107,7,1,79,56,39,12,14,2,6,3,3,107,52,28,19,14,10,19,2007-01-15,#aeb7c6,9.39,110.75,9.39,589.25,5.5,Early Rounds,Win,Bjorn Phau,135
2007-580,Australian Open,Hard,128,G,20070115,65,103819,1,,Roger Federer,R,185,SUI,25.4373716632,1,8120,102035,,,Jonas Bjorkman,R,183,SWE,34.8145106092,50,743,6-2 6-3 6-2,5,R64,95,7,1,66,42,31,16,13,0,2,2,3,86,52,27,13,12,5,12,2007-01-15,#aeb7c6,77.01,227.82,77.01,472.18,5.5,Early Rounds,Win,Jonas Bjorkman,136
2007-580,Australian Open,Hard,128,G,20070115,97,103819,1,,Roger Federer,R,185,SUI,25.4373716632,1,8120,104022,25,,Mikhail Youzhny,R,183,RUS,24.5585215606,25,1075,6-3 6-3 7-6(5),5,R32,124,7,1,100,53,44,25,15,3,4,7,1,101,55,43,18,15,4,8,2007-01-15,#aeb7c6,99.37,246.74,99.37,453.26,5.5,Early Rounds,Win,Mikhail Youzhny,137
2007-580,Australian Open,Hard,128,G,20070115,113,103819,1,,Roger Federer,R,185,SUI,25.4373716632,1,8120,104925,14,,Novak Djokovic,R,188,SRB,19.65229295,15,1530,6-2 7-5 6-3,5,R16,110,12,1,80,50,40,20,15,1,2,7,2,101,62,38,18,14,3,8,2007-01-15,#49b6c2,372.38,261.83,372.38,438.17,7.2,R16 / Quarter-Final,Win,Novak Djokovic,138
2007-580,Australian Open,Hard,128,G,20070115,121,103819,1,,Roger Federer,R,185,SUI,25.4373716632,1,8120,103990,7,,Tommy Robredo,R,180,ESP,24.7091033539,6,2455,6-3 7-6(2) 7-5,5,QF,140,5,1,96,60,43,21,17,4,8,4,4,117,71,45,17,16,6,12,2007-01-15,#49b6c2,356.26,86.64,356.26,613.36,7.2,R16 / Quarter-Final,Win,Tommy Robredo,139
2007-580,Australian Open,Hard,128,G,20070115,125,103819,1,,Roger Federer,R,185,SUI,25.4373716632,1,8120,104053,6,,Andy Roddick,R,188,USA,24.3778234086,7,2415,6-4 6-0 6-2,5,SF,83,10,2,63,32,26,21,12,0,1,4,2,65,41,22,7,12,0,7,2007-01-15,#a56bc5,446.60,32.63,446.60,667.37,9,Semi-Final / Final,Win,Andy Roddick,140
2007-580,Australian Open,Hard,128,G,20070115,127,103819,1,,Roger Federer,R,185,SUI,25.4373716632,1,8120,103602,10,,Fernando Gonzalez,R,183,CHI,26.4640657084,9,2015,7-6(2) 6-4 6-4,5,F,140,5,1,86,50,41,28,16,0,1,6,3,127,77,53,23,16,7,10,2007-01-15,#f1c34a,501.37,64.94,501.37,635.06,11,Title Win,Win,Fernando Gonzalez,141
2007-520,Roland Garros,Clay,128,G,20070528,1,103819,1,,Roger Federer,R,185,SUI,25.8015058179,1,7515,103188,,,Michael Russell,R,173,USA,29.0732375086,68,557,6-4 6-2 6-4,5,R128,105,6,0,75,53,42,17,14,0,0,1,4,93,73,46,10,14,7,11,2007-05-28,#aeb7c6,155.26,81.33,155.26,618.67,5.5,Early Rounds,Win,Michael Russell,142
2007-520,Roland Garros,Clay,128,G,20070528,65,103819,1,,Roger Federer,R,185,SUI,25.8015058179,1,7515,103693,,WC,Thierry Ascione,R,188,FRA,26.3572895277,168,257,6-1 6-2 7-6(8),5,R64,111,6,0,94,64,47,17,14,3,4,3,5,118,79,48,17,13,16,21,2007-05-28,#aeb7c6,134.64,64.84,134.64,635.16,5.5,Early Rounds,Win,Thierry Ascione,143
2007-520,Roland Garros,Clay,128,G,20070528,97,103819,1,,Roger Federer,R,185,SUI,25.8015058179,1,7515,103808,,,Potito Starace,R,188,ITA,25.8699520876,57,619,6-2 6-3 6-0,5,R32,91,5,2,76,47,39,15,12,3,3,1,2,69,40,20,14,11,5,11,2007-05-28,#aeb7c6,119.23,50.34,119.23,649.66,5.5,Early Rounds,Win,Potito Starace,144
2007-520,Roland Garros,Clay,128,G,20070528,113,103819,1,,Roger Federer,R,185,SUI,25.8015058179,1,7515,104022,13,,Mikhail Youzhny,R,183,RUS,24.9226557153,15,1685,7-6(3) 6-4 6-4,5,R16,145,1,2,100,50,35,33,16,6,8,3,2,110,54,33,31,16,4,8,2007-05-28,#49b6c2,416.00,424.56,416.00,275.44,7.2,R16 / Quarter-Final,Win,Mikhail Youzhny,145
2007-520,Roland Garros,Clay,128,G,20070528,121,103819,1,,Roger Federer,R,185,SUI,25.8015058179,1,7515,103990,9,,Tommy Robredo,R,180,ESP,25.0732375086,9,2100,7-5 1-6 6-1 6-2,5,QF,122,8,0,87,51,42,19,17,5,9,2,2,102,78,43,12,17,4,11,2007-05-28,#49b6c2,533.75,98.46,533.75,601.54,7.2,R16 / Quarter-Final,Win,Tommy Robredo,146
2007-520,Roland Garros,Clay,128,G,20070528,125,103819,1,,Roger Federer,R,185,SUI,25.8015058179,1,7515,103786,4,,Nikolay Davydenko,R,178,RUS,25.9849418207,4,2840,7-5 7-6(5) 7-6(7),5,SF,181,10,3,138,71,56,31,18,14,17,2,5,140,95,60,24,18,11,15,2007-05-28,#a56bc5,704.55,109.34,704.55,590.66,9,Semi-Final / Final,Win,Nikolay Davydenko,147
2007-520,Roland Garros,Clay,128,G,20070528,127,104745,2,,Rafael Nadal,L,185,ESP,20.9828884326,2,5225,103819,1,,Roger Federer,R,185,SUI,25.8015058179,1,7515,6-3 4-6 6-3 6-4,5,F,190,2,1,137,106,74,17,19,16,17,9,1,118,76,50,23,19,6,10,2007-05-28,#a56bc5,482.68,32.98,482.68,667.02,9,Semi-Final / Final,Loss,Rafael Nadal,148
2007-540,Wimbledon,Grass,128,G,20070625,1,103819,1,,Roger Federer,R,185,SUI,25.87816564,1,7290,104559,,,Teymuraz Gabashvili,R,188,RUS,22.0889801506,86,486,6-3 6-2 6-4,5,R128,92,9,0,78,48,35,22,14,1,1,2,3,86,47,26,25,13,8,12,2007-06-25,#aeb7c6,72.25,39.72,72.25,660.28,5.5,Early Rounds,Win,Teymuraz Gabashvili,149
2007-540,Wimbledon,Grass,128,G,20070625,65,103819,1,,Roger Federer,R,185,SUI,25.87816564,1,7290,105223,,,Juan Martin Del Potro,R,198,ARG,18.7515400411,56,619,6-2 7-5 6-1,5,R64,93,5,1,77,45,38,20,14,1,1,1,2,76,41,25,18,13,4,9,2007-06-25,#aeb7c6,93.02,207.61,93.02,492.39,5.5,Early Rounds,Win,Juan Martin Del Potro,150
2007-540,Wimbledon,Grass,128,G,20070625,97,103819,1,,Roger Federer,R,185,SUI,25.87816564,1,7290,103498,26,,Marat Safin,R,193,RUS,27.40862423,24,1125,6-1 6-4 7-6(4),5,R32,99,12,1,86,56,49,15,15,0,1,5,1,89,53,39,15,14,7,11,2007-06-25,#aeb7c6,96.95,36.96,96.95,663.04,5.5,Early Rounds,Win,Marat Safin,151
2007-540,Wimbledon,Grass,128,G,20070625,113,103819,1,,Roger Federer,R,185,SUI,25.87816564,1,7290,103163,13,,Tommy Haas,R,188,GER,29.2265571526,10,1960,W/O,5,R16,,,,,,,,,,,,,,,,,,,,2007-06-25,#49b6c2,213.00,163.15,213.00,536.85,7.2,R16 / Quarter-Final,Win,Tommy Haas,152
2007-540,Wimbledon,Grass,128,G,20070625,121,103819,1,,Roger Federer,R,185,SUI,25.87816564,1,7290,103507,20,,Juan Carlos Ferrero,R,183,ESP,27.3648186174,18,1330,7-6(2) 3-6 6-1 6-3,5,QF,136,15,1,113,67,54,26,18,5,7,3,3,120,79,54,16,19,3,8,2007-06-25,#49b6c2,531.17,238.41,531.17,461.59,7.2,R16 / Quarter-Final,Win,Juan Carlos Ferrero,153
2007-540,Wimbledon,Grass,128,G,20070625,125,103819,1,,Roger Federer,R,185,SUI,25.87816564,1,7290,104755,12,,Richard Gasquet,R,185,FRA,21.0184804928,14,1775,7-5 6-3 6-4,5,SF,104,20,0,90,64,50,17,16,3,3,4,1,89,56,37,20,15,1,4,2007-06-25,#a56bc5,436.06,371.07,436.06,328.93,9,Semi-Final / Final,Win,Richard Gasquet,154
2007-540,Wimbledon,Grass,128,G,20070625,127,103819,1,,Roger Federer,R,185,SUI,25.87816564,1,7290,104745,2,,Rafael Nadal,L,185,ESP,21.0595482546,2,5225,7-6(7) 4-6 7-6(3) 2-6 6-2,5,F,225,24,3,156,111,79,28,25,7,11,1,2,167,118,81,28,25,5,8,2007-06-25,#f1c34a,704.96,35.95,704.96,664.05,11,Title Win,Win,Rafael Nadal,155
2007-560,US Open,Hard,128,G,20070827,1,103819,1,,Roger Federer,R,185,SUI,26.0506502396,1,7605,104812,,Q,Scoville Jenkins,R,188,USA,20.9253935661,319,110,6-3 6-2 6-4,5,R128,90,13,2,73,46,40,18,14,2,2,9,7,81,54,37,11,13,5,9,2007-08-27,#aeb7c6,113.83,225.81,113.83,474.19,5.5,Early Rounds,Win,Scoville Jenkins,156
2007-560,US Open,Hard,128,G,20070827,65,103819,1,,Roger Federer,R,185,SUI,26.0506502396,1,7605,104154,,Q,Paul Capdeville,R,190,CHI,24.4024640657,120,359,6-1 6-4 6-4,5,R64,88,5,1,72,47,35,19,14,0,1,5,2,84,51,33,13,13,4,9,2007-08-27,#aeb7c6,134.88,244.04,134.88,455.96,5.5,Early Rounds,Win,Paul Capdeville,157
2007-560,US Open,Hard,128,G,20070827,97,103819,1,,Roger Federer,R,185,SUI,26.0506502396,1,7605,104545,,WC,John Isner,R,206,USA,22.3353867214,184,223,6-7(4) 6-2 6-4 6-2,5,R32,135,10,1,107,71,57,26,19,1,1,17,5,121,88,60,15,19,4,9,2007-08-27,#aeb7c6,159.13,258.27,159.13,441.73,5.5,Early Rounds,Win,John Isner,158
2007-560,US Open,Hard,128,G,20070827,113,103819,1,,Roger Federer,R,185,SUI,26.0506502396,1,7605,103852,,,Feliciano Lopez,L,188,ESP,25.9329226557,60,586,3-6 6-4 6-1 6-4,5,R16,118,11,0,85,62,50,20,18,3,4,13,7,114,64,49,21,18,8,12,2007-08-27,#49b6c2,636.73,180.86,636.73,519.14,7.2,R16 / Quarter-Final,Win,Feliciano Lopez,159
2007-560,US Open,Hard,128,G,20070827,121,103819,1,,Roger Federer,R,185,SUI,26.0506502396,1,7605,104053,5,,Andy Roddick,R,188,USA,24.9911019849,5,2990,7-6(5) 7-6(4) 6-2,5,QF,121,15,0,101,62,50,28,16,1,1,14,0,103,74,57,14,16,2,4,2007-08-27,#49b6c2,176.70,64.08,176.70,635.92,7.2,R16 / Quarter-Final,Win,Andy Roddick,160
2007-560,US Open,Hard,128,G,20070827,125,103819,1,,Roger Federer,R,185,SUI,26.0506502396,1,7605,103786,4,,Nikolay Davydenko,R,178,RUS,26.2340862423,4,3255,7-5 6-1 7-5,5,SF,138,10,3,108,59,39,23,16,9,14,1,8,102,68,37,11,15,16,25,2007-08-27,#a56bc5,281.91,187.03,281.91,512.97,9,Semi-Final / Final,Win,Nikolay Davydenko,161
2007-560,US Open,Hard,128,G,20070827,127,103819,1,,Roger Federer,R,185,SUI,26.0506502396,1,7605,104925,3,,Novak Djokovic,R,188,SRB,20.2655715264,3,3670,7-6(4) 7-6(2) 6-4,5,F,144,11,4,106,66,52,25,17,7,9,5,7,116,64,45,29,17,2,5,2007-08-27,#f1c34a,558.50,112.85,558.50,587.15,11,Title Win,Win,Novak Djokovic,162
2008-580,Australian Open,Hard,128,G,20080114,1,103819,1,,Roger Federer,R,185,SUI,26.4339493498,1,7180,103701,,,Diego Hartfield,R,185,ARG,26.9514031485,107,410,6-0 6-3 6-0,5,R128,72,11,1,65,50,42,7,11,2,2,3,1,62,40,21,5,10,3,10,2008-01-14,#aeb7c6,292.73,637.69,292.73,62.31,5.5,Early Rounds,Win,Diego Hartfield,163
2008-580,Australian Open,Hard,128,G,20080114,65,103819,1,,Roger Federer,R,185,SUI,26.4339493498,1,7180,102148,,,Fabrice Santoro,R,178,FRA,35.0965092402,36,852,6-1 6-2 6-0,5,R64,80,6,1,61,42,32,15,11,2,2,2,0,69,45,20,9,10,7,14,2008-01-14,#aeb7c6,187.52,272.59,187.52,427.41,5.5,Early Rounds,Win,Fabrice Santoro,164
2008-580,Australian Open,Hard,128,G,20080114,97,103819,1,,Roger Federer,R,185,SUI,26.4339493498,1,7180,104386,,,Janko Tipsarevic,R,180,SRB,23.5619438741,49,657,6-7(5) 7-6(1) 5-7 6-1 10-8,5,R32,265,39,1,167,107,95,33,31,0,3,12,6,207,106,75,58,30,16,21,2008-01-14,#aeb7c6,218.33,283.73,218.33,416.27,5.5,Early Rounds,Win,Janko Tipsarevic,165
2008-580,Australian Open,Hard,128,G,20080114,113,103819,1,,Roger Federer,R,185,SUI,26.4339493498,1,7180,104607,13,,Tomas Berdych,R,196,CZE,22.3244353183,13,1685,6-4 7-6(7) 6-3,5,R16,117,11,1,94,59,44,26,16,2,3,7,4,96,54,41,20,15,4,7,2008-01-14,#49b6c2,611.12,282.09,611.12,417.91,7.2,R16 / Quarter-Final,Win,Tomas Berdych,166
2008-580,Australian Open,Hard,128,G,20080114,121,103819,1,,Roger Federer,R,185,SUI,26.4339493498,1,7180,103484,12,,James Blake,R,185,USA,28.0465434634,15,1610,7-5 7-6(5) 6-4,5,QF,119,13,0,96,65,49,18,17,0,3,8,5,116,67,47,21,17,5,10,2008-01-14,#49b6c2,644.15,239.97,644.15,460.03,7.2,R16 / Quarter-Final,Win,James Blake,167
2008-580,Australian Open,Hard,128,G,20080114,125,104925,3,,Novak Djokovic,R,188,SRB,20.6488706366,3,4315,103819,1,,Roger Federer,R,185,SUI,26.4339493498,1,7180,7-5 6-3 7-6(5),5,SF,146,13,6,113,77,60,15,17,7,9,10,2,109,68,48,18,16,7,11,2008-01-14,#a56bc5,199.05,128.35,199.05,571.65,9,Semi-Final / Final,Loss,Novak Djokovic,168
2008-520,Roland Garros,Clay,128,G,20080525,1,103819,1,,Roger Federer,R,185,SUI,26.7980835044,1,6675,105023,,,Sam Querrey,R,198,USA,20.6351813826,40,835,6-4 6-4 6-3,5,R128,95,5,1,79,53,42,14,14,1,2,6,4,92,41,26,28,15,7,12,2008-05-25,#aeb7c6,521.09,628.34,521.09,71.66,5.5,Early Rounds,Win,Sam Querrey,169
2008-520,Roland Garros,Clay,128,G,20080525,65,103819,1,,Roger Federer,R,185,SUI,26.7980835044,1,6675,103656,,,Albert Montanes,R,175,ESP,27.4962354552,60,596,6-7(5) 6-1 6-0 6-4,5,R64,145,13,1,110,76,65,18,18,6,6,2,8,135,83,49,25,17,12,18,2008-05-25,#aeb7c6,279.12,649.68,279.12,50.32,5.5,Early Rounds,Win,Albert Montanes,170
2008-520,Roland Garros,Clay,128,G,20080525,97,103819,1,,Roger Federer,R,185,SUI,26.7980835044,1,6675,104339,,,Mario Ancic,R,196,CRO,24.1560574949,46,735,6-3 6-4 6-2,5,R32,96,8,1,71,45,36,20,14,2,3,2,0,75,47,31,10,13,2,7,2008-05-25,#aeb7c6,386.65,593.22,386.65,106.78,5.5,Early Rounds,Win,Mario Ancic,171
2008-520,Roland Garros,Clay,128,G,20080525,113,103819,1,,Roger Federer,R,185,SUI,26.7980835044,1,6675,103898,,,Julien Benneteau,R,185,FRA,26.431211499,55,670,6-4 7-5 7-5,5,R16,146,6,3,98,52,40,26,17,7,10,5,1,118,74,38,28,17,10,16,2008-05-25,#49b6c2,578.27,52.32,578.27,647.68,7.2,R16 / Quarter-Final,Win,Julien Benneteau,172
2008-520,Roland Garros,Clay,128,G,20080525,121,103819,1,,Roger Federer,R,185,SUI,26.7980835044,1,6675,103602,24,,Fernando Gonzalez,R,183,CHI,27.8247775496,25,1160,2-6 6-2 6-3 6-4,5,QF,121,11,0,96,62,44,24,18,3,6,3,0,100,72,40,17,17,8,13,2008-05-25,#49b6c2,308.21,115.77,308.21,584.23,7.2,R16 / Quarter-Final,Win,Fernando Gonzalez,173
2008-520,Roland Garros,Clay,128,G,20080525,125,103819,1,,Roger Federer,R,185,SUI,26.7980835044,1,6675,104792,,,Gael Monfils,R,193,FRA,21.7330595483,59,613,6-2 5-7 6-3 7-5,5,SF,185,2,1,136,97,67,20,20,10,13,10,5,150,89,62,22,21,8,15,2008-05-25,#a56bc5,378.13,144.61,378.13,555.39,9,Semi-Final / Final,Win,Gael Monfils,174
2008-520,Roland Garros,Clay,128,G,20080525,127,104745,2,,Rafael Nadal,L,185,ESP,21.9794661191,2,5585,103819,1,,Roger Federer,R,185,SUI,26.7980835044,1,6675,6-1 6-3 6-0,5,F,108,0,0,67,50,35,11,11,3,4,2,0,77,53,26,5,11,9,17,2008-05-25,#a56bc5,374.22,219.98,374.22,480.02,9,Semi-Final / Final,Loss,Rafael Nadal,175
2008-540,Wimbledon,Grass,128,G,20080623,1,103819,1,,Roger Federer,R,185,SUI,26.8747433265,1,6900,103103,,,Dominik Hrbaty,R,183,SVK,30.4668035592,273,136,6-3 6-2 6-2,5,R128,80,10,0,78,54,42,15,13,0,0,2,7,69,39,24,12,12,6,11,2008-06-23,#aeb7c6,277.64,669.10,277.64,30.90,5.5,Early Rounds,Win,Dominik Hrbaty,176
2008-540,Wimbledon,Grass,128,G,20080623,65,103819,1,,Roger Federer,R,185,SUI,26.8747433265,1,6900,104417,,,Robin Soderling,R,193,SWE,23.8576317591,41,855,6-3 6-4 7-6(3),5,R64,121,15,0,96,58,47,22,16,3,4,6,5,114,63,44,25,15,5,8,2008-06-23,#aeb7c6,491.39,314.39,491.39,385.61,5.5,Early Rounds,Win,Robin Soderling,177
2008-540,Wimbledon,Grass,128,G,20080623,97,103819,1,,Roger Federer,R,185,SUI,26.8747433265,1,6900,102967,,,Marc Gicquel,R,188,FRA,31.2334017796,53,724,6-3 6-3 6-1,5,R32,82,10,1,68,49,41,11,13,2,3,5,1,82,55,35,7,12,7,13,2008-06-23,#aeb7c6,252.69,295.41,252.69,404.59,5.5,Early Rounds,Win,Marc Gicquel,178
2008-540,Wimbledon,Grass,128,G,20080623,113,103819,1,,Roger Federer,R,185,SUI,26.8747433265,1,6900,103720,24,,Lleyton Hewitt,R,180,AUS,27.3264887064,27,1050,7-6(7) 6-2 6-4,5,R16,110,21,3,98,60,51,20,15,8,8,8,1,87,54,42,16,15,0,3,2008-06-23,#49b6c2,396.06,85.78,396.06,614.22,7.2,R16 / Quarter-Final,Win,Lleyton Hewitt,179
2008-540,Wimbledon,Grass,128,G,20080623,121,103819,1,,Roger Federer,R,185,SUI,26.8747433265,1,6900,104339,,,Mario Ancic,R,196,CRO,24.2327173169,43,845,6-1 7-5 6-4,5,QF,102,15,0,71,49,43,18,15,0,0,9,2,95,58,41,17,14,6,10,2008-06-23,#49b6c2,333.53,646.47,333.53,53.53,7.2,R16 / Quarter-Final,Win,Mario Ancic,180
2008-540,Wimbledon,Grass,128,G,20080623,125,103819,1,,Roger Federer,R,185,SUI,26.8747433265,1,6900,103498,,,Marat Safin,R,193,RUS,28.4052019165,75,530,6-3 7-6(3) 6-4,5,SF,103,15,0,90,60,46,24,16,2,2,13,0,93,62,46,17,15,3,5,2008-06-23,#a56bc5,377.56,107.90,377.56,592.10,9,Semi-Final / Final,Win,Marat Safin,181
2008-540,Wimbledon,Grass,128,G,20080623,127,104745,2,,Rafael Nadal,L,185,ESP,22.0561259411,2,5755,103819,1,,Roger Federer,R,185,SUI,26.8747433265,1,6900,6-4 6-4 6-7(5) 6-7(8) 9-7,5,F,288,6,3,218,160,111,34,30,12,13,25,2,195,127,92,39,30,9,13,2008-06-23,#a56bc5,389.91,652.11,389.91,47.89,9,Semi-Final / Final,Loss,Rafael Nadal,182
2008-560,US Open,Hard,128,G,20080825,64,103819,2,,Roger Federer,R,185,SUI,27.0472279261,2,5930,104216,,,Maximo Gonzalez,R,175,ARG,25.1006160164,118,416,6-3 6-0 6-3,5,R128,82,14,1,76,57,42,10,12,6,7,1,3,75,50,28,8,12,6,13,2008-08-25,#aeb7c6,219.73,246.55,219.73,453.45,5.5,Early Rounds,Win,Maximo Gonzalez,183
2008-560,US Open,Hard,128,G,20080825,96,103819,2,,Roger Federer,R,185,SUI,27.0472279261,2,5930,103999,,Q,Thiago Alves,R,178,BRA,26.2614647502,137,343,6-3 7-5 6-4,5,R64,134,19,2,95,61,49,19,16,2,3,2,2,125,68,41,30,15,11,15,2008-08-25,#aeb7c6,208.10,219.12,208.10,480.88,5.5,Early Rounds,Win,Thiago Alves,184
2008-560,US Open,Hard,128,G,20080825,112,103819,2,,Roger Federer,R,185,SUI,27.0472279261,2,5930,103285,28,,Radek Stepanek,R,185,CZE,29.7440109514,30,1006,6-3 6-3 6-2,5,R32,96,12,3,76,55,41,14,13,1,2,1,5,86,57,36,9,13,5,11,2008-08-25,#aeb7c6,170.84,137.20,170.84,562.80,5.5,Early Rounds,Win,Radek Stepanek,185
2008-560,US Open,Hard,128,G,20080825,120,103819,2,,Roger Federer,R,185,SUI,27.0472279261,2,5930,104214,23,,Igor Andreev,R,185,RUS,25.1170431211,23,1145,6-7(5) 7-6(5) 6-3 3-6 6-3,5,R16,211,10,5,168,114,86,31,26,13,15,8,7,165,100,78,32,25,4,7,2008-08-25,#49b6c2,409.15,570.02,409.15,129.98,7.2,R16 / Quarter-Final,Win,Igor Andreev,186
2008-560,US Open,Hard,128,G,20080825,124,103819,2,,Roger Federer,R,185,SUI,27.0472279261,2,5930,104180,,Q,Gilles Muller,L,193,LUX,25.2977412731,130,371,7-6(5) 6-4 7-6(5),5,QF,144,8,0,103,63,54,26,17,2,2,16,4,121,76,59,25,17,10,11,2008-08-25,#49b6c2,425.39,622.08,425.39,77.92,7.2,R16 / Quarter-Final,Win,Gilles Muller,187
2008-560,US Open,Hard,128,G,20080825,126,103819,2,,Roger Federer,R,185,SUI,27.0472279261,2,5930,104925,3,,Novak Djokovic,R,188,SRB,21.2621492129,3,5105,6-3 5-7 7-5 6-2,5,SF,164,20,1,125,80,61,27,21,2,4,6,5,124,80,57,20,20,7,12,2008-08-25,#a56bc5,469.43,90.89,469.43,609.11,9,Semi-Final / Final,Win,Novak Djokovic,188
2008-560,US Open,Hard,128,G,20080825,127,103819,2,,Roger Federer,R,185,SUI,27.0472279261,2,5930,104918,6,,Andy Murray,R,190,GBR,21.2813141684,6,2415,6-2 7-5 6-2,5,F,111,3,0,81,47,37,16,14,3,5,3,3,81,45,23,17,14,3,10,2008-08-25,#f1c34a,417.76,596.42,417.76,103.58,11,Title Win,Win,Andy Murray,189
2009-580,Australian Open,Hard,128,G,20090119,64,103819,2,,Roger Federer,R,185,SUI,27.4496919918,2,10700,104312,,,Andreas Seppi,R,190,ITA,24.9117043121,35,1820,6-1 7-6(4) 7-5,5,R128,280,9,5,115,76,56,23,16,10,10,1,6,109,70,48,18,15,7,10,2009-01-19,#aeb7c6,194.99,191.92,194.99,508.08,5.5,Early Rounds,Win,Andreas Seppi,190
2009-580,Australian Open,Hard,128,G,20090119,96,103819,2,,Roger Federer,R,185,SUI,27.4496919918,2,10700,105095,,Q,Evgeny Korolev,R,185,KAZ,20.9308692676,118,808,6-2 6-3 6-1,5,R64,85,8,3,68,41,28,20,12,0,1,2,3,80,41,22,17,12,5,12,2009-01-19,#aeb7c6,182.51,165.53,182.51,534.47,5.5,Early Rounds,Win,Evgeny Korolev,191
2009-580,Australian Open,Hard,128,G,20090119,112,103819,2,,Roger Federer,R,185,SUI,27.4496919918,2,10700,103498,26,,Marat Safin,R,193,RUS,28.9801505818,27,2050,6-3 6-2 7-6(5),5,R32,110,9,1,89,54,46,22,15,0,0,14,2,88,44,30,24,14,1,4,2009-01-19,#aeb7c6,158.98,110.62,158.98,589.38,5.5,Early Rounds,Win,Marat Safin,192
2009-580,Australian Open,Hard,128,G,20090119,120,103819,2,,Roger Federer,R,185,SUI,27.4496919918,2,10700,104607,20,,Tomas Berdych,R,196,CZE,23.3401779603,21,2400,4-6 6-7(4) 6-4 6-4 6-2,5,R16,205,20,5,159,108,76,24,25,7,12,7,2,151,93,65,27,25,4,12,2009-01-19,#49b6c2,417.47,169.03,417.47,530.97,7.2,R16 / Quarter-Final,Win,Tomas Berdych,193
2009-580,Australian Open,Hard,128,G,20090119,124,103819,2,,Roger Federer,R,185,SUI,27.4496919918,2,10700,105223,8,,Juan Martin Del Potro,R,198,ARG,20.3230663929,6,4060,6-3 6-0 6-0,5,QF,80,12,0,53,37,32,12,11,0,0,5,2,66,39,18,9,10,4,11,2009-01-19,#49b6c2,543.95,622.05,543.95,77.95,7.2,R16 / Quarter-Final,Win,Juan Martin Del Potro,194
2009-580,Australian Open,Hard,128,G,20090119,126,103819,2,,Roger Federer,R,185,SUI,27.4496919918,2,10700,104053,7,,Andy Roddick,R,188,USA,26.3901437372,9,3940,6-2 7-5 7-5,5,SF,125,16,0,96,63,52,19,16,3,3,8,2,94,61,43,17,16,9,13,2009-01-19,#a56bc5,447.89,118.27,447.89,581.73,9,Semi-Final / Final,Win,Andy Roddick,195
2009-580,Australian Open,Hard,128,G,20090119,127,104745,1,,Rafael Nadal,L,185,ESP,22.6310746064,1,13160,103819,2,,Roger Federer,R,185,SUI,27.4496919918,2,10700,7-5 3-6 7-6(3) 3-6 6-2,5,F,259,4,4,175,112,74,30,24,13,19,11,6,172,89,65,38,26,9,16,2009-01-19,#a56bc5,543.57,590.98,543.57,109.02,9,Semi-Final / Final,Loss,Rafael Nadal,196
2009-520,Roland Garros,Clay,128,G,20090525,64,103819,2,,Roger Federer,R,185,SUI,27.794661191,2,10470,103252,,,Alberto Martin,R,175,ESP,30.7624914442,98,795,6-4 6-3 6-2,5,R128,103,10,0,75,51,40,16,14,0,1,0,3,87,56,34,13,13,5,10,2009-05-25,#aeb7c6,74.29,181.75,74.29,518.25,5.5,Early Rounds,Win,Alberto Martin,197
2009-520,Roland Garros,Clay,128,G,20090525,96,103819,2,,Roger Federer,R,185,SUI,27.794661191,2,10470,104076,,,Jose Acasuso,R,190,ARG,26.5954825462,45,1210,7-6(8) 5-7 7-6(2) 6-2,5,R64,205,11,0,142,101,75,22,22,5,10,5,2,154,96,59,31,22,6,12,2009-05-25,#aeb7c6,58.52,158.32,58.52,541.68,5.5,Early Rounds,Win,Jose Acasuso,198
2009-520,Roland Garros,Clay,128,G,20090525,112,103819,2,,Roger Federer,R,185,SUI,27.794661191,2,10470,103908,32,,Paul Henri Mathieu,R,185,FRA,27.3648186174,35,1490,4-6 6-1 6-4 6-4,5,R32,166,14,3,110,65,53,22,19,5,7,8,3,126,75,49,24,18,11,16,2009-05-25,#aeb7c6,43.13,133.09,43.13,566.91,5.5,Early Rounds,Win,Paul Henri Mathieu,199
2009-520,Roland Garros,Clay,128,G,20090525,120,103819,2,,Roger Federer,R,185,SUI,27.794661191,2,10470,103163,,,Tommy Haas,R,188,GER,31.1430527036,63,1015,6-7(4) 5-7 6-4 6-0 6-2,5,R16,187,16,1,130,82,70,29,24,3,5,11,3,145,93,63,28,24,8,15,2009-05-25,#49b6c2,487.20,495.15,487.20,204.85,7.2,R16 / Quarter-Final,Win,Tommy Haas,200
2009-520,Roland Garros,Clay,128,G,20090525,124,103819,2,,Roger Federer,R,185,SUI,27.794661191,2,10470,104792,11,,Gael Monfils,R,193,FRA,22.7296372348,10,3150,7-6(6) 6-2 6-4,5,QF,130,8,1,94,54,43,26,15,4,4,7,1,105,61,41,22,15,2,5,2009-05-25,#49b6c2,299.94,166.89,299.94,533.11,7.2,R16 / Quarter-Final,Win,Gael Monfils,201
2009-520,Roland Garros,Clay,128,G,20090525,126,103819,2,,Roger Federer,R,185,SUI,27.794661191,2,10470,105223,5,,Juan Martin Del Potro,R,198,ARG,20.6680355921,5,4830,3-6 7-6(2) 2-6 6-1 6-4,5,SF,209,5,1,142,92,67,26,24,8,13,16,6,168,98,72,30,22,8,12,2009-05-25,#a56bc5,495.64,228.39,495.64,471.61,9,Semi-Final / Final,Win,Juan Martin Del Potro,202
2009-520,Roland Garros,Clay,128,G,20090525,127,103819,2,,Roger Federer,R,185,SUI,27.794661191,2,10470,104417,23,,Robin Soderling,R,193,SWE,24.7775496235,25,1775,6-1 7-6(1) 6-4,5,F,115,16,2,79,52,44,18,14,2,2,2,3,91,55,35,20,15,2,6,2009-05-25,#f1c34a,405.23,133.88,405.23,566.12,11,Title Win,Win,Robin Soderling,203
2009-540,Wimbledon,Grass,128,G,20090622,64,103819,2,,Roger Federer,R,185,SUI,27.871321013,2,10620,104229,,,Yen Hsun Lu,R,180,TPE,25.8562628337,65,932,7-5 6-3 6-2,5,R128,105,10,1,75,53,45,15,15,2,3,3,1,93,64,40,13,14,6,11,2009-06-22,#aeb7c6,16.68,56.18,16.68,643.82,5.5,Early Rounds,Win,Yen Hsun Lu,204
2009-540,Wimbledon,Grass,128,G,20090622,96,103819,2,,Roger Federer,R,185,SUI,27.871321013,2,10620,104198,,,Guillermo Garcia Lopez,R,188,ESP,26.0506502396,42,1186,6-2 6-2 6-4,5,R64,90,11,2,75,48,44,13,13,2,2,3,6,74,55,35,9,13,2,7,2009-06-22,#aeb7c6,26.70,159.23,26.70,540.77,5.5,Early Rounds,Win,Guillermo Garcia Lopez,205
2009-540,Wimbledon,Grass,128,G,20090622,112,103819,2,,Roger Federer,R,185,SUI,27.871321013,2,10620,104259,27,,Philipp Kohlschreiber,R,178,GER,25.6837782341,32,1540,6-3 6-2 6-7(5) 6-1,5,R32,151,15,2,126,87,66,20,19,5,7,5,4,126,81,50,20,17,15,22,2009-06-22,#aeb7c6,40.36,182.01,40.36,517.99,5.5,Early Rounds,Win,Philipp Kohlschreiber,206
2009-540,Wimbledon,Grass,128,G,20090622,120,103819,2,,Roger Federer,R,185,SUI,27.871321013,2,10620,104417,13,,Robin Soderling,R,193,SWE,24.8542094456,12,2825,6-4 7-6(5) 7-6(5),5,R16,119,23,0,102,68,60,21,17,2,2,16,3,98,55,50,26,17,3,4,2009-06-22,#49b6c2,178.95,97.99,178.95,602.01,7.2,R16 / Quarter-Final,Win,Robin Soderling,207
2009-540,Wimbledon,Grass,128,G,20090622,124,103819,2,,Roger Federer,R,185,SUI,27.871321013,2,10620,103333,22,,Ivo Karlovic,R,208,CRO,30.3134839151,36,1295,6-3 7-5 7-6(3),5,QF,103,7,2,85,53,50,24,17,0,0,23,2,82,57,46,15,16,0,2,2009-06-22,#49b6c2,540.43,647.75,540.43,52.25,7.2,R16 / Quarter-Final,Win,Ivo Karlovic,208
2009-540,Wimbledon,Grass,128,G,20090622,126,103819,2,,Roger Federer,R,185,SUI,27.871321013,2,10620,103163,24,,Tommy Haas,R,188,GER,31.2197125257,34,1405,7-6(3) 7-5 6-3,5,SF,123,11,1,83,62,55,17,17,0,0,11,5,110,72,53,17,16,6,8,2009-06-22,#a56bc5,589.34,305.63,589.34,394.37,9,Semi-Final / Final,Win,Tommy Haas,209
2009-540,Wimbledon,Grass,128,G,20090622,127,103819,2,,Roger Federer,R,185,SUI,27.871321013,2,10620,104053,6,,Andy Roddick,R,188,USA,26.8117727584,6,4310,5-7 7-6(6) 7-6(5) 3-6 16-14,5,F,256,50,4,197,127,113,42,37,3,5,27,4,239,169,140,31,38,6,7,2009-06-22,#f1c34a,293.37,138.97,293.37,561.03,11,Title Win,Win,Andy Roddick,210
2009-560,US Open,Hard,128,G,20090831,1,103819,1,,Roger Federer,R,185,SUI,28.0629705681,1,12040,105730,,WC,Devin Britton,R,193,USA,18.4585900068,1370,4,6-1 6-3 7-5,5,R128,88,6,3,69,45,37,13,14,1,3,6,9,100,58,34,15,14,2,9,2009-08-31,#aeb7c6,36.92,78.83,36.92,621.17,5.5,Early Rounds,Win,Devin Britton,211
2009-560,US Open,Hard,128,G,20090831,65,103819,1,,Roger Federer,R,185,SUI,28.0629705681,1,12040,103752,,,Simon Greul,R,185,GER,28.3832991102,65,836,6-3 7-5 7-5,5,R64,118,8,2,99,66,48,23,17,5,6,0,4,93,46,32,25,16,4,8,2009-08-31,#aeb7c6,56.17,205.99,56.17,494.01,5.5,Early Rounds,Win,Simon Greul,212
2009-560,US Open,Hard,128,G,20090831,97,103819,1,,Roger Federer,R,185,SUI,28.0629705681,1,12040,103720,31,,Lleyton Hewitt,R,180,AUS,28.514715948,32,1285,4-6 6-3 7-5 6-4,5,R32,153,15,4,134,75,56,31,21,11,14,5,4,110,57,40,29,20,6,11,2009-08-31,#aeb7c6,36.95,108.78,36.95,591.22,5.5,Early Rounds,Win,Lleyton Hewitt,213
2009-560,US Open,Hard,128,G,20090831,113,103819,1,,Roger Federer,R,185,SUI,28.0629705681,1,12040,103990,14,,Tommy Robredo,R,180,ESP,27.3347022587,15,2165,7-5 6-2 6-2,5,R16,108,9,0,75,47,41,19,14,4,4,2,2,93,64,40,11,14,5,10,2009-08-31,#49b6c2,256.11,90.19,256.11,609.81,7.2,R16 / Quarter-Final,Win,Tommy Robredo,214
2009-560,US Open,Hard,128,G,20090831,121,103819,1,,Roger Federer,R,185,SUI,28.0629705681,1,12040,104417,12,,Robin Soderling,R,193,SWE,25.0458590007,12,2665,6-0 6-3 6-7(6) 7-6(6),5,QF,153,28,3,128,85,73,24,20,5,5,11,5,127,85,62,19,19,7,11,2009-08-31,#49b6c2,392.94,628.49,392.94,71.51,7.2,R16 / Quarter-Final,Win,Robin Soderling,215
2009-560,US Open,Hard,128,G,20090831,125,103819,1,,Roger Federer,R,185,SUI,28.0629705681,1,12040,104925,4,,Novak Djokovic,R,188,SRB,22.2778918549,4,7660,7-6(3) 7-5 7-5,5,SF,154,8,3,109,63,49,28,18,2,3,6,4,115,78,53,20,18,7,10,2009-08-31,#a56bc5,381.80,194.45,381.80,505.55,9,Semi-Final / Final,Win,Novak Djokovic,216
2009-560,US Open,Hard,128,G,20090831,127,105223,6,,Juan Martin Del Potro,R,198,ARG,20.9363449692,6,5325,103819,1,,Roger Federer,R,185,SUI,28.0629705681,1,12040,3-6 7-6(5) 4-6 7-6(4) 6-2,5,F,246,8,6,171,112,81,33,25,17,22,14,11,181,93,67,48,26,10,15,2009-08-31,#a56bc5,683.62,84.65,683.62,615.35,9,Semi-Final / Final,Loss,Juan Martin Del Potro,217
2010-580,Australian Open,Hard,128,G,20100118,1,103819,1,,Roger Federer,R,185,SUI,28.4462696783,1,10550,104214,,,Igor Andreev,R,185,RUS,26.5160848734,37,1030,4-6 6-2 7-6(2) 6-0,5,R128,164,9,2,102,57,44,22,18,6,11,2,7,136,84,48,19,18,10,19,2010-01-18,#aeb7c6,49.68,52.94,49.68,647.06,5.5,Early Rounds,Win,Igor Andreev,218
2010-580,Australian Open,Hard,128,G,20100118,65,103819,1,,Roger Federer,R,185,SUI,28.4462696783,1,10550,103812,,,Victor Hanescu,R,198,ROU,28.4955509925,47,905,6-2 6-3 6-2,5,R64,99,8,1,73,50,41,14,13,5,5,3,1,87,61,34,12,12,6,11,2010-01-18,#aeb7c6,123.78,265.81,123.78,434.19,5.5,Early Rounds,Win,Victor Hanescu,219
2010-580,Australian Open,Hard,128,G,20100118,97,103819,1,,Roger Federer,R,185,SUI,28.4462696783,1,10550,103656,31,,Albert Montanes,R,175,ESP,29.144421629,32,1185,6-3 6-4 6-4,5,R32,108,10,3,79,52,46,15,15,0,0,7,1,91,55,33,23,14,3,6,2010-01-18,#aeb7c6,151.56,281.29,151.56,418.71,5.5,Early Rounds,Win,Albert Montanes,220
2010-580,Australian Open,Hard,128,G,20100118,113,103819,1,,Roger Federer,R,185,SUI,28.4462696783,1,10550,103720,22,,Lleyton Hewitt,R,180,AUS,28.8980150582,22,1600,6-2 6-3 6-4,5,R16,115,7,0,79,50,38,19,14,4,5,5,2,100,61,37,18,13,10,15,2010-01-18,#49b6c2,542.90,343.34,542.90,356.66,7.2,R16 / Quarter-Final,Win,Lleyton Hewitt,221
2010-580,Australian Open,Hard,128,G,20100118,121,103819,1,,Roger Federer,R,185,SUI,28.4462696783,1,10550,103786,6,,Nikolay Davydenko,R,178,RUS,28.629705681,6,4930,2-6 6-3 6-0 7-5,5,QF,156,8,4,122,73,49,24,18,14,19,1,4,107,66,39,16,17,6,14,2010-01-18,#49b6c2,463.36,507.96,463.36,192.04,7.2,R16 / Quarter-Final,Win,Nikolay Davydenko,222
2010-580,Australian Open,Hard,128,G,20100118,125,103819,1,,Roger Federer,R,185,SUI,28.4462696783,1,10550,104542,10,,Jo Wilfried Tsonga,R,188,FRA,24.7556468172,10,2875,6-2 6-3 6-2,5,SF,88,4,0,69,44,37,17,13,0,0,6,5,70,42,28,11,12,5,10,2010-01-18,#a56bc5,387.79,279.28,387.79,420.72,9,Semi-Final / Final,Win,Jo Wilfried Tsonga,223
2010-580,Australian Open,Hard,128,G,20100118,127,103819,1,,Roger Federer,R,185,SUI,28.4462696783,1,10550,104918,5,,Andy Murray,R,190,GBR,22.6803559206,4,6780,6-3 6-4 7-6(11),5,F,161,11,2,112,75,54,22,16,6,8,10,4,104,58,40,24,15,8,12,2010-01-18,#f1c34a,284.87,87.02,284.87,612.98,11,Title Win,Win,Andy Murray,224
2010-520,Roland Garros,Clay,128,G,20100524,1,103819,1,,Roger Federer,R,185,SUI,28.7912388775,1,10030,103429,,,Peter Luczak,R,183,AUS,30.7296372348,71,691,6-4 6-1 6-2,5,R128,108,7,0,69,49,39,15,13,1,1,6,1,81,46,27,17,12,7,12,2010-05-24,#aeb7c6,182.02,293.32,182.02,406.68,5.5,Early Rounds,Win,Peter Luczak,225
2010-520,Roland Garros,Clay,128,G,20100524,65,103819,1,,Roger Federer,R,185,SUI,28.7912388775,1,10030,104268,,,Alejandro Falla,L,185,COL,26.5242984257,70,705,7-6(4) 6-2 6-4,5,R64,120,6,0,104,65,49,21,15,7,8,3,2,94,64,41,16,15,5,9,2010-05-24,#aeb7c6,212.48,303.74,212.48,396.26,5.5,Early Rounds,Win,Alejandro Falla,226
2010-520,Roland Garros,Clay,128,G,20100524,97,103819,1,,Roger Federer,R,185,SUI,28.7912388775,1,10030,104714,,Q,Julian Reister,R,188,GER,24.1423682409,165,296,6-4 6-0 6-4,5,R32,93,6,3,72,41,36,19,13,0,0,1,2,80,61,32,9,13,8,13,2010-05-24,#aeb7c6,229.69,313.28,229.69,386.72,5.5,Early Rounds,Win,Julian Reister,227
2010-520,Roland Garros,Clay,128,G,20100524,113,103819,1,,Roger Federer,R,185,SUI,28.7912388775,1,10030,104527,20,,Stanislas Wawrinka,R,183,SUI,25.1553730322,24,1600,6-3 7-6(5) 6-2,5,R16,116,7,0,89,59,43,19,14,3,4,5,4,87,48,38,16,15,3,8,2010-05-24,#49b6c2,540.38,147.03,540.38,552.97,7.2,R16 / Quarter-Final,Win,Stanislas Wawrinka,228
2010-520,Roland Garros,Clay,128,G,20100524,121,104417,5,,Robin Soderling,R,193,SWE,25.7741273101,7,4755,103819,1,,Roger Federer,R,185,SUI,28.7912388775,1,10030,3-6 6-3 7-5 6-4,5,QF,150,14,6,126,81,59,25,20,5,7,12,2,119,76,56,23,20,5,9,2010-05-24,#49b6c2,259.89,139.13,259.89,560.87,7.2,R16 / Quarter-Final,Loss,Robin Soderling,229
2010-540,Wimbledon,Grass,128,G,20100621,1,103819,1,,Roger Federer,R,185,SUI,28.8678986995,2,8525,104268,,,Alejandro Falla,L,185,COL,26.6009582478,60,767,5-7 4-6 6-4 7-6(1) 6-0,5,R128,198,21,7,151,89,70,34,25,7,10,8,2,177,107,72,35,25,9,14,2010-06-21,#aeb7c6,245.84,324.59,245.84,375.41,5.5,Early Rounds,Win,Alejandro Falla,230
2010-540,Wimbledon,Grass,128,G,20100621,65,103819,1,,Roger Federer,R,185,SUI,28.8678986995,2,8525,104592,,Q,Ilija Bozoljac,R,193,SRB,24.8843258042,152,328,6-3 6-7(4) 6-4 7-6(5),5,R64,166,16,1,135,94,72,29,21,4,4,31,6,140,90,70,28,22,10,13,2010-06-21,#aeb7c6,262.00,335.90,262.00,364.10,5.5,Early Rounds,Win,Ilija Bozoljac,231
2010-540,Wimbledon,Grass,128,G,20100621,97,103819,1,,Roger Federer,R,185,SUI,28.8678986995,2,8525,103096,,,Arnaud Clement,R,173,FRA,32.5092402464,86,620,6-2 6-4 6-2,5,R32,95,7,3,68,44,37,16,13,1,1,5,0,76,44,32,11,13,5,10,2010-06-21,#aeb7c6,250.01,353.69,250.01,346.31,5.5,Early Rounds,Win,Arnaud Clement,232
2010-540,Wimbledon,Grass,128,G,20100621,113,103819,1,,Roger Federer,R,185,SUI,28.8678986995,2,8525,103781,16,,Jurgen Melzer,L,183,AUT,29.0814510609,16,2125,6-3 6-2 6-3,5,R16,84,11,2,65,34,29,21,13,0,1,6,3,77,55,29,10,13,4,10,2010-06-21,#49b6c2,680.08,55.76,680.08,644.24,7.2,R16 / Quarter-Final,Win,Jurgen Melzer,233
2010-540,Wimbledon,Grass,128,G,20100621,121,104607,12,,Tomas Berdych,R,196,CZE,24.758384668,13,2825,103819,1,,Roger Federer,R,185,SUI,28.8678986995,2,8525,6-4 3-6 6-1 6-4,5,QF,155,12,6,124,72,59,23,18,7,8,14,1,121,82,57,19,18,2,6,2010-06-21,#49b6c2,323.72,187.16,323.72,512.84,7.2,R16 / Quarter-Final,Loss,Tomas Berdych,234
2010-560,US Open,Hard,128,G,20100830,64,103819,2,,Roger Federer,R,185,SUI,29.0595482546,2,7215,104314,,,Brian Dabul,L,170,ARG,26.5133470226,96,577,6-1 6-4 6-2,5,R128,93,18,1,74,49,41,14,13,1,1,0,3,85,57,35,12,12,14,19,2010-08-30,#aeb7c6,293.73,360.52,293.73,339.48,5.5,Early Rounds,Win,Brian Dabul,235
2010-560,US Open,Hard,128,G,20100830,96,103819,2,,Roger Federer,R,185,SUI,29.0595482546,2,7215,104676,,,Andreas Beck,L,190,GER,24.5639972621,104,506,6-3 6-4 6-3,5,R64,101,15,0,74,40,32,22,14,1,2,8,11,86,50,34,14,14,5,10,2010-08-30,#aeb7c6,275.05,374.50,275.05,325.50,5.5,Early Rounds,Win,Andreas Beck,236
2010-560,US Open,Hard,128,G,20100830,112,103819,2,,Roger Federer,R,185,SUI,29.0595482546,2,7215,103908,,,Paul Henri Mathieu,R,185,FRA,28.629705681,109,494,6-4 6-3 6-3,5,R32,99,13,0,77,47,40,19,14,4,4,3,3,71,37,28,15,14,2,6,2010-08-30,#aeb7c6,784.39,37.77,784.39,662.23,5.5,Early Rounds,Win,Paul Henri Mathieu,237
2010-560,US Open,Hard,128,G,20100830,120,103819,2,,Roger Federer,R,185,SUI,29.0595482546,2,7215,103781,13,,Jurgen Melzer,L,183,AUT,29.273100616,15,2470,6-3 7-6(4) 6-3,5,R16,123,10,1,105,64,49,25,16,10,12,1,3,96,64,38,18,14,4,8,2010-08-30,#49b6c2,462.33,582.48,462.33,117.52,7.2,R16 / Quarter-Final,Win,Jurgen Melzer,238
2010-560,US Open,Hard,128,G,20100830,124,103819,2,,Roger Federer,R,185,SUI,29.0595482546,2,7215,104417,5,,Robin Soderling,R,193,SWE,26.0424366872,5,4910,6-4 6-4 7-5,5,QF,116,18,2,91,58,50,15,16,4,6,2,4,93,54,36,20,16,1,6,2010-08-30,#49b6c2,550.42,212.48,550.42,487.52,7.2,R16 / Quarter-Final,Win,Robin Soderling,239
2010-560,US Open,Hard,128,G,20100830,126,104925,3,,Novak Djokovic,R,188,SRB,23.2744695414,3,6665,103819,2,,Roger Federer,R,185,SUI,29.0595482546,2,7215,5-7 6-1 5-7 6-2 7-5,5,SF,224,4,3,151,94,64,36,26,4,7,12,5,160,84,62,35,25,6,12,2010-08-30,#a56bc5,355.02,346.46,355.02,353.54,9,Semi-Final / Final,Loss,Novak Djokovic,240
2011-580,Australian Open,Hard,128,G,20110117,64,103819,2,,Roger Federer,R,185,SUI,29.4428473648,2,9245,105041,,,Lukas Lacko,R,185,SVK,23.2060232717,97,553,6-1 6-1 6-3,5,R128,84,8,1,59,38,33,14,12,0,1,3,1,83,56,33,6,11,7,14,2011-01-17,#aeb7c6,761.28,53.02,761.28,646.98,5.5,Early Rounds,Win,Lukas Lacko,241
2011-580,Australian Open,Hard,128,G,20110117,96,103819,2,,Roger Federer,R,185,SUI,29.4428473648,2,9245,104468,,,Gilles Simon,R,183,FRA,26.0561259411,34,1210,6-2 6-3 4-6 4-6 6-3,5,R64,193,11,1,126,77,61,21,23,4,9,8,5,155,88,49,37,23,10,18,2011-01-17,#aeb7c6,737.95,71.00,737.95,629.00,5.5,Early Rounds,Win,Gilles Simon,242
2011-580,Australian Open,Hard,128,G,20110117,112,103819,2,,Roger Federer,R,185,SUI,29.4428473648,2,9245,103598,,,Xavier Malisse,R,185,BEL,30.4969199179,45,956,6-3 6-3 6-1,5,R32,105,6,1,83,50,35,17,13,1,3,4,2,85,51,27,12,12,10,17,2011-01-17,#aeb7c6,704.28,8.94,704.28,691.06,5.5,Early Rounds,Win,Xavier Malisse,243
2011-580,Australian Open,Hard,128,G,20110117,120,103819,2,,Roger Federer,R,185,SUI,29.4428473648,2,9245,103990,,,Tommy Robredo,R,180,ESP,28.7145790554,52,890,6-3 3-6 6-3 6-2,5,R16,145,11,1,105,73,58,19,18,1,2,7,1,109,68,49,20,17,6,10,2011-01-17,#49b6c2,450.12,646.08,450.12,53.92,7.2,R16 / Quarter-Final,Win,Tommy Robredo,244
2011-580,Australian Open,Hard,128,G,20110117,124,103819,2,,Roger Federer,R,185,SUI,29.4428473648,2,9245,104527,19,,Stanislas Wawrinka,R,183,SUI,25.8069815195,19,1855,6-1 6-3 6-3,5,QF,107,5,0,75,58,42,13,13,1,1,1,0,81,47,27,19,12,2,6,2011-01-17,#49b6c2,409.81,511.73,409.81,188.27,7.2,R16 / Quarter-Final,Win,Stanislas Wawrinka,245
2011-580,Australian Open,Hard,128,G,20110117,126,104925,3,,Novak Djokovic,R,188,SRB,23.6577686516,3,6240,103819,2,,Roger Federer,R,185,SUI,29.4428473648,2,9245,7-6(3) 7-5 6-4,5,SF,180,6,5,125,86,63,16,17,7,10,5,0,105,62,45,20,17,9,14,2011-01-17,#a56bc5,712.69,70.33,712.69,629.67,9,Semi-Final / Final,Loss,Novak Djokovic,246
2011-520,Roland Garros,Clay,128,G,20110522,48,103819,3,,Roger Federer,R,185,SUI,29.787816564,3,8390,103852,,,Feliciano Lopez,L,188,ESP,29.6700889802,41,1065,6-3 6-4 7-6(3),5,R128,119,12,0,89,56,48,20,16,0,0,7,3,99,63,41,22,15,7,9,2011-05-22,#aeb7c6,727.84,23.17,727.84,676.83,5.5,Early Rounds,Win,Feliciano Lopez,247
2011-520,Roland Garros,Clay,128,G,20110522,88,103819,3,,Roger Federer,R,185,SUI,29.787816564,3,8390,105270,,WC,Maxime Teixeira,R,,FRA,22.340862423,181,300,6-3 6-0 6-2,5,R64,84,7,0,63,44,36,12,12,0,1,0,3,73,39,20,14,11,6,13,2011-05-22,#aeb7c6,737.99,45.25,737.99,654.75,5.5,Early Rounds,Win,Maxime Teixeira,248
2011-520,Roland Garros,Clay,128,G,20110522,108,103819,3,,Roger Federer,R,185,SUI,29.787816564,3,8390,104386,29,,Janko Tipsarevic,R,180,SRB,26.9158110883,32,1225,6-1 6-4 6-3,5,R32,90,10,2,76,51,43,14,13,1,1,1,1,71,36,28,13,13,1,6,2011-05-22,#aeb7c6,759.36,29.03,759.36,670.97,5.5,Early Rounds,Win,Janko Tipsarevic,249
2011-520,Roland Garros,Clay,128,G,20110522,118,103819,3,,Roger Federer,R,185,SUI,29.787816564,3,8390,104527,14,,Stanislas Wawrinka,R,183,SUI,26.1519507187,14,1920,6-3 6-2 7-5,5,R16,106,8,2,77,49,40,18,15,1,2,5,1,83,59,38,11,14,1,6,2011-05-22,#49b6c2,523.99,192.16,523.99,507.84,7.2,R16 / Quarter-Final,Win,Stanislas Wawrinka,250
2011-520,Roland Garros,Clay,128,G,20110522,123,103819,3,,Roger Federer,R,185,SUI,29.787816564,3,8390,104792,9,,Gael Monfils,R,193,FRA,24.7227926078,9,2465,6-4 6-3 7-6(3),5,QF,154,4,3,88,47,36,25,16,1,4,4,11,133,87,54,19,15,11,16,2011-05-22,#49b6c2,352.84,149.39,352.84,550.61,7.2,R16 / Quarter-Final,Win,Gael Monfils,251
2011-520,Roland Garros,Clay,128,G,20110522,126,103819,3,,Roger Federer,R,185,SUI,29.787816564,3,8390,104925,2,,Novak Djokovic,R,188,SRB,24.0027378508,2,11665,7-6(5) 6-3 3-6 7-6(5),5,SF,219,18,2,141,91,70,25,21,9,13,7,2,168,112,67,34,21,21,25,2011-05-22,#a56bc5,489.28,267.13,489.28,432.87,9,Semi-Final / Final,Win,Novak Djokovic,252
2011-520,Roland Garros,Clay,128,G,20110522,127,104745,1,,Rafael Nadal,L,185,ESP,24.9691991786,1,12070,103819,3,,Roger Federer,R,185,SUI,29.787816564,3,8390,7-5 7-6(3) 5-7 6-1,5,F,220,4,3,147,106,69,21,22,10,15,11,1,126,80,55,18,21,8,15,2011-05-22,#a56bc5,517.12,145.77,517.12,554.23,9,Semi-Final / Final,Loss,Rafael Nadal,253
2011-540,Wimbledon,Grass,128,G,20110620,48,103819,3,,Roger Federer,R,185,SUI,29.864476386,3,9230,105062,,,Mikhail Kukushkin,R,183,KAZ,23.4825462012,61,852,7-6(2) 6-4 6-2,5,R128,102,12,1,80,57,51,17,15,3,3,4,1,93,61,41,18,15,4,7,2011-06-20,#aeb7c6,781.06,15.85,781.06,684.15,5.5,Early Rounds,Win,Mikhail Kukushkin,254
2011-540,Wimbledon,Grass,128,G,20110620,88,103819,3,,Roger Federer,R,185,SUI,29.864476386,3,9230,105173,,,Adrian Mannarino,L,183,FRA,22.9733059548,55,923,6-2 6-3 6-2,5,R64,88,11,0,64,41,35,18,13,3,3,0,1,75,44,24,15,12,5,10,2011-06-20,#aeb7c6,811.51,5.07,811.51,694.93,5.5,Early Rounds,Win,Adrian Mannarino,255
2011-540,Wimbledon,Grass,128,G,20110620,108,103819,3,,Roger Federer,R,185,SUI,29.864476386,3,9230,103900,28,,David Nalbandian,R,180,ARG,29.4647501711,23,1425,6-4 6-2 6-4,5,R32,106,14,0,89,63,49,14,14,2,3,5,3,85,52,34,16,14,2,7,2011-06-20,#aeb7c6,840.86,9.21,840.86,690.79,5.5,Early Rounds,Win,David Nalbandian,256
2011-540,Wimbledon,Grass,128,G,20110620,118,103819,3,,Roger Federer,R,185,SUI,29.864476386,3,9230,104022,18,,Mikhail Youzhny,R,183,RUS,28.9856262834,17,1740,6-7(5) 6-3 6-3 6-3,5,R16,182,14,1,114,71,60,22,19,6,7,6,6,140,89,58,22,20,8,14,2011-06-20,#49b6c2,332.56,105.26,332.56,594.74,7.2,R16 / Quarter-Final,Win,Mikhail Youzhny,257
2011-540,Wimbledon,Grass,128,G,20110620,123,104542,12,,Jo Wilfried Tsonga,R,188,FRA,26.173853525,19,1585,103819,3,,Roger Federer,R,185,SUI,29.864476386,3,9230,3-6 6-7(3) 6-4 6-4 6-4,5,QF,188,18,4,145,102,74,29,25,0,1,17,1,137,103,80,24,26,6,9,2011-06-20,#49b6c2,479.92,129.51,479.92,570.49,7.2,R16 / Quarter-Final,Loss,Jo Wilfried Tsonga,258
2011-560,US Open,Hard,128,G,20110829,17,103819,3,,Roger Federer,R,185,SUI,30.0561259411,3,8380,105053,,,Santiago Giraldo,R,188,COL,23.7535934292,54,835,6-4 6-3 6-2,5,R128,106,5,3,83,51,36,15,14,0,3,2,2,98,52,32,15,13,11,18,2011-08-29,#aeb7c6,865.65,28.56,865.65,671.44,5.5,Early Rounds,Win,Santiago Giraldo,259
2011-560,US Open,Hard,128,G,20110829,73,103819,3,,Roger Federer,R,185,SUI,30.0561259411,3,8380,104534,,,Dudi Sela,R,175,ISR,26.4010951403,93,580,6-3 6-2 6-2,5,R64,77,6,1,60,43,38,14,13,0,0,0,1,71,43,25,15,12,6,11,2011-08-29,#aeb7c6,879.05,53.56,879.05,646.44,5.5,Early Rounds,Win,Dudi Sela,260
2011-560,US Open,Hard,128,G,20110829,101,103819,3,,Roger Federer,R,185,SUI,30.0561259411,3,8380,105227,27,,Marin Cilic,R,198,CRO,22.9158110883,28,1375,6-3 4-6 6-4 6-2,5,R32,160,6,3,108,63,47,28,19,7,9,12,5,119,57,39,32,18,8,14,2011-08-29,#aeb7c6,884.44,83.38,884.44,616.62,5.5,Early Rounds,Win,Marin Cilic,261
2011-560,US Open,Hard,128,G,20110829,115,103819,3,,Roger Federer,R,185,SUI,30.0561259411,3,8380,104338,,,Juan Monaco,R,185,ARG,27.4168377823,36,1170,6-1 6-2 6-0,5,R16,82,14,1,59,39,33,13,11,0,0,1,2,68,45,18,11,10,7,14,2011-08-29,#49b6c2,520.48,331.29,520.48,368.71,7.2,R16 / Quarter-Final,Win,Juan Monaco,262
2011-560,US Open,Hard,128,G,20110829,122,103819,3,,Roger Federer,R,185,SUI,30.0561259411,3,8380,104542,11,,Jo Wilfried Tsonga,R,188,FRA,26.3655030801,11,2350,6-4 6-3 6-3,5,QF,113,5,2,86,61,47,11,14,1,3,5,2,85,45,31,16,14,7,13,2011-08-29,#49b6c2,450.45,605.24,450.45,94.76,7.2,R16 / Quarter-Final,Win,Jo Wilfried Tsonga,263
2011-560,US Open,Hard,128,G,20110829,125,104925,1,,Novak Djokovic,R,188,SRB,24.2710472279,1,13920,103819,3,,Roger Federer,R,185,SUI,30.0561259411,3,8380,6-7(7) 4-6 6-3 6-2 7-5,5,SF,231,8,6,140,82,68,32,26,2,5,11,4,164,101,68,35,25,6,12,2011-08-29,#a56bc5,547.45,172.49,547.45,527.51,9,Semi-Final / Final,Loss,Novak Djokovic,264
2012-580,Australian Open,Hard,128,G,20120116,48,103819,3,,Roger Federer,R,185,SUI,30.4394250513,3,8010,104628,,Q,Alexander Kudryavtsev,R,183,RUS,26.2231348392,172,290,7-5 6-2 6-2,5,R128,98,14,2,87,56,44,18,14,3,4,4,4,89,36,23,22,14,7,13,2012-01-16,#aeb7c6,884.93,107.85,884.93,592.15,5.5,Early Rounds,Win,Alexander Kudryavtsev,265
2012-580,Australian Open,Hard,128,G,20120116,88,103819,3,,Roger Federer,R,185,SUI,30.4394250513,3,8010,104676,,,Andreas Beck,L,190,GER,25.9438740589,93,592,W/O,5,R64,,,,,,,,,,,,,,,,,,,,2012-01-16,#aeb7c6,877.11,132.39,877.11,567.61,5.5,Early Rounds,Win,Andreas Beck,266
2012-580,Australian Open,Hard,128,G,20120116,108,103819,3,,Roger Federer,R,185,SUI,30.4394250513,3,8010,103333,,,Ivo Karlovic,R,208,CRO,32.8815879535,57,842,7-6(6) 7-5 6-3,5,R32,137,9,0,99,61,49,28,17,2,2,15,3,119,83,63,13,16,4,6,2012-01-16,#aeb7c6,848.46,182.58,848.46,517.42,5.5,Early Rounds,Win,Ivo Karlovic,267
2012-580,Australian Open,Hard,128,G,20120116,118,103819,3,,Roger Federer,R,185,SUI,30.4394250513,3,8010,106071,,,Bernard Tomic,R,193,AUS,19.2361396304,38,1048,6-4 6-2 6-2,5,R16,104,13,3,76,44,37,18,13,4,5,0,2,95,71,39,10,13,4,10,2012-01-16,#49b6c2,357.49,243.63,357.49,456.37,7.2,R16 / Quarter-Final,Win,Bernard Tomic,268
2012-580,Australian Open,Hard,128,G,20120116,123,103819,3,,Roger Federer,R,185,SUI,30.4394250513,3,8010,105223,11,,Juan Martin Del Potro,R,198,ARG,23.3127994524,11,2315,6-4 6-3 6-2,5,QF,119,4,1,77,44,39,19,14,5,6,5,3,87,58,33,16,13,3,8,2012-01-16,#49b6c2,441.56,569.38,441.56,130.62,7.2,R16 / Quarter-Final,Win,Juan Martin Del Potro,269
2012-580,Australian Open,Hard,128,G,20120116,126,104745,2,,Rafael Nadal,L,185,ESP,25.620807666,2,9595,103819,3,,Roger Federer,R,185,SUI,30.4394250513,3,8010,6-7(5) 6-2 7-6(5) 6-4,5,SF,222,4,1,141,109,75,20,21,7,10,11,5,135,86,57,27,21,10,16,2012-01-16,#a56bc5,646.09,126.91,646.09,573.09,9,Semi-Final / Final,Loss,Rafael Nadal,270
2012-520,Roland Garros,Clay,128,G,20120527,17,103819,3,,Roger Federer,R,185,SUI,30.803559206,3,9790,104735,,,Tobias Kamke,R,180,GER,26.0205338809,78,648,6-2 7-5 6-3,5,R128,117,7,5,101,60,40,21,14,4,7,2,8,97,58,36,10,15,8,16,2012-05-27,#aeb7c6,830.30,206.31,830.30,493.69,5.5,Early Rounds,Win,Tobias Kamke,271
2012-520,Roland Garros,Clay,128,G,20120527,73,103819,3,,Roger Federer,R,185,SUI,30.803559206,3,9790,104494,,,Adrian Ungur,R,178,ROU,27.3374401095,92,597,6-3 6-2 6-7(6) 6-3,5,R64,147,15,1,130,83,65,31,20,6,6,5,7,124,79,56,25,18,8,12,2012-05-27,#aeb7c6,810.12,227.91,810.12,472.09,5.5,Early Rounds,Win,Adrian Ungur,272
2012-520,Roland Garros,Clay,128,G,20120527,101,103819,3,,Roger Federer,R,185,SUI,30.803559206,3,9790,103917,,,Nicolas Mahut,R,190,FRA,30.3490759754,89,604,6-3 4-6 6-2 7-5,5,R32,157,7,3,104,60,49,29,20,1,3,2,2,128,84,53,21,19,9,14,2012-05-27,#aeb7c6,788.33,247.91,788.33,452.09,5.5,Early Rounds,Win,Nicolas Mahut,273
2012-520,Roland Garros,Clay,128,G,20120527,115,103819,3,,Roger Federer,R,185,SUI,30.803559206,3,9790,105676,,LL,David Goffin,R,163,BEL,21.4729637235,109,500,5-7 7-5 6-2 6-4,5,R16,174,12,1,125,76,62,31,21,7,8,4,8,150,87,56,37,21,9,13,2012-05-27,#49b6c2,652.78,94.57,652.78,605.43,7.2,R16 / Quarter-Final,Win,David Goffin,274
2012-520,Roland Garros,Clay,128,G,20120527,122,103819,3,,Roger Federer,R,185,SUI,30.803559206,3,9790,105223,9,,Juan Martin Del Potro,R,198,ARG,23.6769336071,9,2910,3-6 6-7(4) 6-2 6-0 6-3,5,QF,194,11,1,138,80,55,35,23,6,10,6,4,135,80,59,17,21,10,18,2012-05-27,#49b6c2,448.09,216.39,448.09,483.61,7.2,R16 / Quarter-Final,Win,Juan Martin Del Potro,275
2012-520,Roland Garros,Clay,128,G,20120527,125,104925,1,,Novak Djokovic,R,188,SRB,25.0184804928,1,11800,103819,3,,Roger Federer,R,185,SUI,30.803559206,3,9790,6-4 7-5 6-3,5,SF,125,6,2,91,62,45,14,16,4,8,9,3,86,48,27,17,15,3,10,2012-05-27,#a56bc5,258.13,260.64,258.13,439.36,9,Semi-Final / Final,Loss,Novak Djokovic,276
2012-540,Wimbledon,Grass,128,G,20120625,17,103819,3,,Roger Federer,R,185,SUI,30.8802190281,3,9435,105077,,,Albert Ramos,L,188,ESP,24.4380561259,43,935,6-1 6-1 6-1,5,R128,79,9,1,58,40,29,13,11,1,2,0,5,80,46,21,10,10,10,18,2012-06-25,#aeb7c6,766.43,266.56,766.43,433.44,5.5,Early Rounds,Win,Albert Ramos,277
2012-540,Wimbledon,Grass,128,G,20120625,73,103819,3,,Roger Federer,R,185,SUI,30.8802190281,3,9435,104926,,,Fabio Fognini,R,178,ITA,25.0896646133,68,695,6-1 6-3 6-2,5,R64,74,13,2,60,41,37,11,12,0,0,1,0,73,54,29,8,12,2,8,2012-06-25,#aeb7c6,743.69,281.42,743.69,418.58,5.5,Early Rounds,Win,Fabio Fognini,278
2012-540,Wimbledon,Grass,128,G,20120625,101,103819,3,,Roger Federer,R,185,SUI,30.8802190281,3,9435,103898,29,,Julien Benneteau,R,185,FRA,30.5133470226,32,1210,4-6 6-7(3) 6-2 7-6(6) 6-1,5,R32,214,14,4,156,101,80,31,25,4,6,15,10,168,115,79,27,24,8,13,2012-06-25,#aeb7c6,711.33,297.88,711.33,402.12,5.5,Early Rounds,Win,Julien Benneteau,279
2012-540,Wimbledon,Grass,128,G,20120625,115,103819,3,,Roger Federer,R,185,SUI,30.8802190281,3,9435,103598,,,Xavier Malisse,R,185,BEL,31.9342915811,75,651,7-6(1) 6-1 4-6 6-3,5,R16,131,9,1,117,82,60,20,19,8,11,9,2,111,79,53,9,19,1,7,2012-06-25,#49b6c2,451.98,239.03,451.98,460.97,7.2,R16 / Quarter-Final,Win,Xavier Malisse,280
2012-540,Wimbledon,Grass,128,G,20120625,122,103819,3,,Roger Federer,R,185,SUI,30.8802190281,3,9435,104022,26,,Mikhail Youzhny,R,183,RUS,30.0013689254,33,1210,6-1 6-2 6-2,5,QF,92,2,0,66,41,36,13,12,2,2,3,2,82,53,27,15,11,14,20,2012-06-25,#49b6c2,405.86,195.70,405.86,504.30,7.2,R16 / Quarter-Final,Win,Mikhail Youzhny,281
2012-540,Wimbledon,Grass,128,G,20120625,125,103819,3,,Roger Federer,R,185,SUI,30.8802190281,3,9435,104925,1,,Novak Djokovic,R,188,SRB,25.0951403149,1,12280,6-3 3-6 6-4 6-3,5,SF,139,12,0,101,65,49,26,19,2,3,9,2,115,73,52,24,18,8,11,2012-06-25,#a56bc5,510.23,168.61,510.23,531.39,9,Semi-Final / Final,Win,Novak Djokovic,282
2012-540,Wimbledon,Grass,128,G,20120625,127,103819,3,,Roger Federer,R,185,SUI,30.8802190281,3,9435,104918,4,,Andy Murray,R,190,GBR,25.1143052704,4,6980,4-6 7-5 6-3 6-4,5,F,204,12,3,131,90,68,20,21,5,7,16,1,157,88,61,33,20,8,12,2012-06-25,#f1c34a,498.80,374.84,498.80,325.16,11,Title Win,Win,Andy Murray,283
2012-560,US Open,Hard,128,G,20120827,1,103819,1,,Roger Federer,R,185,SUI,31.0527036277,1,12165,105385,,,Donald Young,L,183,USA,23.0965092402,81,630,6-3 6-2 6-4,5,R128,94,7,2,76,54,45,13,14,1,2,0,3,79,55,31,11,13,4,9,2012-08-27,#aeb7c6,574.59,93.33,574.59,606.67,5.5,Early Rounds,Win,Donald Young,284
2012-560,US Open,Hard,128,G,20120827,65,103819,1,,Roger Federer,R,185,SUI,31.0527036277,1,12165,103451,,,Bjorn Phau,R,175,GER,32.8980150582,83,615,6-2 6-3 6-2,5,R64,90,15,1,76,52,41,15,13,1,1,2,7,74,40,26,14,12,7,12,2012-08-27,#aeb7c6,522.80,214.23,522.80,485.77,5.5,Early Rounds,Win,Bjorn Phau,285
2012-560,US Open,Hard,128,G,20120827,97,103819,1,,Roger Federer,R,185,SUI,31.0527036277,1,12165,104269,25,,Fernando Verdasco,L,188,ESP,28.7830253251,26,1525,6-3 6-4 6-4,5,R32,122,7,1,82,56,49,16,15,1,1,6,10,95,60,44,14,14,5,8,2012-08-27,#aeb7c6,566.65,147.28,566.65,552.72,5.5,Early Rounds,Win,Fernando Verdasco,286
2012-560,US Open,Hard,128,G,20120827,113,103819,1,,Roger Federer,R,185,SUI,31.0527036277,1,12165,103888,23,,Mardy Fish,R,188,USA,30.7159479808,25,1535, W/O,5,R16,,,,,,,,,,,,,,,,,,,,2012-08-27,#49b6c2,526.01,121.09,526.01,578.91,7.2,R16 / Quarter-Final,Win,Mardy Fish,287
2012-560,US Open,Hard,128,G,20120827,121,104607,6,,Tomas Berdych,R,196,CZE,26.9431895962,7,4200,103819,1,,Roger Federer,R,185,SUI,31.0527036277,1,12165,7-6(1) 6-4 3-6 6-3,5,QF,162,14,3,110,65,52,23,20,2,6,7,3,115,73,52,19,20,6,11,2012-08-27,#49b6c2,553.72,31.66,553.72,668.34,7.2,R16 / Quarter-Final,Loss,Tomas Berdych,288
2013-580,Australian Open,Hard,128,G,20130114,64,103819,2,,Roger Federer,R,185,SUI,31.4360027379,2,10265,105332,,,Benoit Paire,R,196,FRA,23.6878850103,46,900,6-2 6-4 6-1,5,R128,83,3,0,69,45,38,14,12,3,3,8,8,89,54,35,11,13,6,12,2013-01-14,#aeb7c6,604.02,203.40,604.02,496.60,5.5,Early Rounds,Win,Benoit Paire,289
2013-580,Australian Open,Hard,128,G,20130114,96,103819,2,,Roger Federer,R,185,SUI,31.4360027379,2,10265,103786,,,Nikolay Davydenko,R,178,RUS,31.6194387406,40,1015,6-3 6-4 6-4,5,R64,119,9,2,91,62,47,19,15,0,0,9,3,106,70,44,17,14,10,13,2013-01-14,#aeb7c6,471.56,223.84,471.56,476.16,5.5,Early Rounds,Win,Nikolay Davydenko,290
2013-580,Australian Open,Hard,128,G,20130114,112,103819,2,,Roger Federer,R,185,SUI,31.4360027379,2,10265,106071,,,Bernard Tomic,R,193,AUS,20.2327173169,43,985,6-4 7-6(5) 6-1,5,R32,118,11,4,95,67,59,12,15,1,1,8,2,121,84,57,15,14,13,16,2013-01-14,#aeb7c6,581.53,219.05,581.53,480.95,5.5,Early Rounds,Win,Bernard Tomic,291
2013-580,Australian Open,Hard,128,G,20130114,120,103819,2,,Roger Federer,R,185,SUI,31.4360027379,2,10265,105683,13,,Milos Raonic,R,196,CAN,22.0506502396,15,2175,6-4 7-6(4) 6-2,5,R16,113,14,1,78,50,45,21,15,0,0,19,5,96,63,44,17,15,4,7,2013-01-14,#49b6c2,496.13,288.90,496.13,411.10,7.2,R16 / Quarter-Final,Win,Milos Raonic,292
2013-580,Australian Open,Hard,128,G,20130114,124,103819,2,,Roger Federer,R,185,SUI,31.4360027379,2,10265,104542,7,,Jo Wilfried Tsonga,R,188,FRA,27.7453798768,8,3375,7-6(4) 4-6 7-6(4) 3-6 6-3,5,QF,214,6,3,158,98,76,33,26,4,9,20,1,175,117,88,27,26,14,18,2013-01-14,#49b6c2,604.96,236.79,604.96,463.21,7.2,R16 / Quarter-Final,Win,Jo Wilfried Tsonga,293
2013-580,Australian Open,Hard,128,G,20130114,126,104918,3,,Andy Murray,R,190,GBR,25.6700889802,3,8000,103819,2,,Roger Federer,R,185,SUI,31.4360027379,2,10265,6-4 6-7(5) 6-3 6-7(2) 6-2,5,SF,240,21,0,157,100,75,36,26,4,6,5,2,171,106,77,28,25,10,16,2013-01-14,#a56bc5,335.89,61.53,335.89,638.47,9,Semi-Final / Final,Loss,Andy Murray,294
2013-520,Roland Garros,Clay,128,G,20130527,64,103819,2,,Roger Federer,R,185,SUI,31.8001368925,3,8000,105807,,Q,Pablo Carreno Busta,R,,ESP,21.8754277892,164,316,6-2 6-2 6-3,5,R128,80,10,0,59,40,33,14,12,2,3,1,3,79,49,27,11,13,0,7,2013-05-27,#aeb7c6,627.81,375.24,627.81,324.76,5.5,Early Rounds,Win,Pablo Carreno Busta,295
2013-520,Roland Garros,Clay,128,G,20130527,96,103819,2,,Roger Federer,R,185,SUI,31.8001368925,3,8000,104500,,Q,Somdev Devvarman,R,180,IND,28.2819986311,188,269,6-2 6-1 6-1,5,R64,82,3,0,65,40,30,18,11,3,3,2,0,75,46,19,16,11,7,14,2013-05-27,#aeb7c6,472.41,62.73,472.41,637.27,5.5,Early Rounds,Win,Somdev Devvarman,296
2013-520,Roland Garros,Clay,128,G,20130527,112,103819,2,,Roger Federer,R,185,SUI,31.8001368925,3,8000,103898,30,,Julien Benneteau,R,185,FRA,31.4332648871,32,1200,6-3 6-4 7-5,5,R32,91,7,0,79,51,42,22,16,2,3,2,1,83,68,41,8,15,0,4,2013-05-27,#aeb7c6,460.56,377.04,460.56,322.96,5.5,Early Rounds,Win,Julien Benneteau,297
2013-520,Roland Garros,Clay,128,G,20130527,120,103819,2,,Roger Federer,R,185,SUI,31.8001368925,3,8000,104468,15,,Gilles Simon,R,183,FRA,28.4134154689,18,1895,6-1 4-6 2-6 6-2 6-3,5,R16,179,9,2,117,75,56,23,21,3,6,5,3,161,98,65,28,21,8,14,2013-05-27,#49b6c2,584.83,172.45,584.83,527.55,7.2,R16 / Quarter-Final,Win,Gilles Simon,298
2013-520,Roland Garros,Clay,128,G,20130527,124,104542,6,,Jo Wilfried Tsonga,R,188,FRA,28.1095140315,8,3795,103819,2,,Roger Federer,R,185,SUI,31.8001368925,3,8000,7-5 6-3 6-3,5,QF,111,2,0,76,57,46,10,15,1,3,0,3,100,67,39,14,15,8,14,2013-05-27,#49b6c2,586.87,262.31,586.87,437.69,7.2,R16 / Quarter-Final,Loss,Jo Wilfried Tsonga,299
2013-540,Wimbledon,Grass,128,G,20130624,48,103819,3,,Roger Federer,R,185,SUI,31.8767967146,3,7740,103812,,,Victor Hanescu,R,198,ROU,31.9260780287,48,895,6-3 6-2 6-0,5,R128,69,7,0,56,39,35,14,12,0,0,3,1,61,52,26,3,11,2,8,2013-06-24,#aeb7c6,334.48,165.95,334.48,534.05,5.5,Early Rounds,Win,Victor Hanescu,300
2013-540,Wimbledon,Grass,128,G,20130624,88,104660,,,Sergiy Stakhovsky,R,193,UKR,27.4633812457,116,488,103819,3,,Roger Federer,R,185,SUI,31.8767967146,3,7740,6-7(5) 7-6(5) 7-5 7-6(5),5,R64,180,17,2,165,109,83,36,24,7,8,16,1,158,114,91,24,24,5,7,2013-06-24,#aeb7c6,631.92,356.16,631.92,343.84,5.5,Early Rounds,Loss,Sergiy Stakhovsky,301
2013-560,US Open,Hard,128,G,20130826,49,103819,7,,Roger Federer,R,185,SUI,32.0492813142,7,4695,104813,,,Grega Zemlja,R,183,SLO,26.9075975359,62,771,6-3 6-2 7-5,5,R128,93,12,2,80,49,42,20,15,2,3,8,9,88,43,29,18,14,6,11,2013-08-26,#aeb7c6,603.57,377.07,603.57,322.93,5.5,Early Rounds,Win,Grega Zemlja,302
2013-560,US Open,Hard,128,G,20130826,89,103819,7,,Roger Federer,R,185,SUI,32.0492813142,7,4695,104122,,,Carlos Berlocq,R,183,ARG,30.559890486,48,905,6-3 6-2 6-1,5,R64,95,6,2,69,36,27,22,12,2,3,1,2,83,70,36,2,12,6,13,2013-08-26,#aeb7c6,864.57,155.20,864.57,544.80,5.5,Early Rounds,Win,Carlos Berlocq,303
2013-560,US Open,Hard,128,G,20130826,109,103819,7,,Roger Federer,R,185,SUI,32.0492813142,7,4695,105173,,,Adrian Mannarino,L,183,FRA,25.158110883,63,756,6-3 6-0 6-2,5,R32,81,8,4,69,39,36,15,12,1,1,1,0,75,48,27,9,11,8,14,2013-08-26,#aeb7c6,677.47,228.74,677.47,471.26,5.5,Early Rounds,Win,Adrian Mannarino,304
2013-560,US Open,Hard,128,G,20130826,119,103990,19,,Tommy Robredo,R,180,ESP,31.3210130048,22,1620,103819,7,,Roger Federer,R,185,SUI,32.0492813142,7,4695,7-6(3) 6-3 6-4,5,R16,144,6,4,125,88,61,17,16,14,16,5,0,86,52,38,16,15,3,7,2013-08-26,#49b6c2,607.56,57.53,607.56,642.47,7.2,R16 / Quarter-Final,Loss,Tommy Robredo,305
2014-580,Australian Open,Hard,128,G,20140113,32,103819,6,,Roger Federer,R,185,SUI,32.4325804244,6,4355,105902,,WC,James Duckworth,R,183,AUS,21.9794661191,133,425,6-4 6-4 6-2,5,R128,106,11,5,78,45,40,19,14,1,1,13,3,92,48,36,19,14,13,17,2014-01-13,#aeb7c6,690.70,202.91,690.70,497.09,5.5,Early Rounds,Win,James Duckworth,306
2014-580,Australian Open,Hard,128,G,20140113,80,103819,6,,Roger Federer,R,185,SUI,32.4325804244,6,4355,104882,,,Blaz Kavcic,R,188,SLO,26.8610540726,99,559,6-2 6-1 7-6(4),5,R64,107,11,0,76,58,45,9,13,1,2,6,3,99,61,32,18,14,5,11,2014-01-13,#aeb7c6,705.01,177.49,705.01,522.51,5.5,Early Rounds,Win,Blaz Kavcic,307
2014-580,Australian Open,Hard,128,G,20140113,104,103819,6,,Roger Federer,R,185,SUI,32.4325804244,6,4355,104559,,,Teymuraz Gabashvili,R,188,RUS,28.643394935,79,651,6-2 6-2 6-3,5,R32,101,6,1,73,45,39,16,13,5,5,3,5,91,63,38,10,12,9,14,2014-01-13,#aeb7c6,731.91,96.62,731.91,603.38,5.5,Early Rounds,Win,Teymuraz Gabashvili,308
2014-580,Australian Open,Hard,128,G,20140113,116,103819,6,,Roger Federer,R,185,SUI,32.4325804244,6,4355,104542,10,,Jo Wilfried Tsonga,R,188,FRA,28.7419575633,10,3065,6-3 7-5 6-4,5,R16,112,7,1,84,48,42,25,16,1,1,8,1,88,46,32,23,15,4,7,2014-01-13,#49b6c2,495.66,95.67,495.66,604.33,7.2,R16 / Quarter-Final,Win,Jo Wilfried Tsonga,309
2014-580,Australian Open,Hard,128,G,20140113,122,103819,6,,Roger Federer,R,185,SUI,32.4325804244,6,4355,104918,4,,Andy Murray,R,190,GBR,26.6666666667,4,5560,6-3 6-4 6-7(6) 6-3,5,QF,200,10,0,122,78,60,29,21,1,2,9,1,146,89,60,28,19,13,17,2014-01-13,#49b6c2,434.64,258.71,434.64,441.29,7.2,R16 / Quarter-Final,Win,Andy Murray,310
2014-580,Australian Open,Hard,128,G,20140113,125,104745,1,,Rafael Nadal,L,185,ESP,27.613963039,1,13130,103819,6,,Roger Federer,R,185,SUI,32.4325804244,6,4355,7-6(4) 6-3 6-3,5,SF,144,3,1,86,56,41,22,15,1,2,8,1,105,69,45,18,15,10,14,2014-01-13,#a56bc5,559.77,320.67,559.77,379.33,9,Semi-Final / Final,Loss,Rafael Nadal,311
2014-520,Roland Garros,Clay,128,G,20140526,48,103819,4,,Roger Federer,R,185,SUI,32.7967145791,4,5125,105041,,,Lukas Lacko,R,185,SVK,26.559890486,87,617,6-2 6-4 6-2,5,R128,84,7,1,61,44,39,13,13,0,0,3,5,91,57,32,18,13,6,11,2014-05-26,#aeb7c6,713.77,150.69,713.77,549.31,5.5,Early Rounds,Win,Lukas Lacko,312
2014-520,Roland Garros,Clay,128,G,20140526,88,103819,4,,Roger Federer,R,185,SUI,32.7967145791,4,5125,106043,,Q,Diego Sebastian Schwartzman,R,,ARG,21.7741273101,109,533,6-3 6-4 6-4,5,R64,103,9,2,81,51,42,17,15,1,2,1,4,95,51,30,24,14,6,10,2014-05-26,#aeb7c6,723.14,124.05,723.14,575.95,5.5,Early Rounds,Win,Diego Sebastian Schwartzman,313
2014-520,Roland Garros,Clay,128,G,20140526,108,103819,4,,Roger Federer,R,185,SUI,32.7967145791,4,5125,104098,31,,Dmitry Tursunov,R,185,RUS,31.4524298426,32,1155,7-5 6-7(7) 6-2 6-4,5,R32,187,15,1,120,81,65,27,21,2,2,6,5,159,98,67,31,21,17,21,2014-05-26,#aeb7c6,852.70,57.36,852.70,642.64,5.5,Early Rounds,Win,Dmitry Tursunov,314
2014-520,Roland Garros,Clay,128,G,20140526,118,105208,18,,Ernests Gulbis,R,190,LAT,25.735797399,17,2050,103819,4,,Roger Federer,R,185,SUI,32.7967145791,4,5125,6-7(5) 7-6(3) 6-2 4-6 6-3,5,R16,222,13,4,154,93,65,37,26,2,7,7,3,161,102,70,30,25,5,12,2014-05-26,#49b6c2,655.58,216.53,655.58,483.47,7.2,R16 / Quarter-Final,Loss,Ernests Gulbis,315
2014-540,Wimbledon,Grass,128,G,20140623,48,103819,4,,Roger Federer,R,185,SUI,32.8733744011,4,4945,103893,,,Paolo Lorenzi,R,183,ITA,32.5201916496,83,653,6-1 6-1 6-3,5,R128,93,9,1,69,48,37,15,12,5,5,4,3,98,49,30,17,11,17,23,2014-06-23,#aeb7c6,860.07,83.41,860.07,616.59,5.5,Early Rounds,Win,Paolo Lorenzi,316
2014-540,Wimbledon,Grass,128,G,20140623,88,103819,4,,Roger Federer,R,185,SUI,32.8733744011,4,4945,104180,,Q,Gilles Muller,L,193,LUX,31.1238877481,103,555,6-3 7-5 6-3,5,R64,94,25,1,69,53,48,12,15,0,0,12,5,92,62,46,11,15,2,6,2014-06-23,#aeb7c6,860.88,109.06,860.88,590.94,5.5,Early Rounds,Win,Gilles Muller,317
2014-540,Wimbledon,Grass,128,G,20140623,108,103819,4,,Roger Federer,R,185,SUI,32.8733744011,4,4945,105053,,,Santiago Giraldo,R,188,COL,26.5708418891,35,1118,6-3 6-1 6-3,5,R32,81,8,1,73,50,42,12,13,2,2,0,4,85,61,37,8,12,4,9,2014-06-23,#aeb7c6,850.87,133.59,850.87,566.41,5.5,Early Rounds,Win,Santiago Giraldo,318
2014-540,Wimbledon,Grass,128,G,20140623,118,103819,4,,Roger Federer,R,185,SUI,32.8733744011,4,4945,103990,23,,Tommy Robredo,R,180,ESP,32.1451060917,22,1630,6-1 6-4 6-4,5,R16,94,11,0,75,42,37,24,14,1,1,3,1,87,61,36,13,13,9,13,2014-06-23,#49b6c2,503.29,204.55,503.29,495.45,7.2,R16 / Quarter-Final,Win,Tommy Robredo,319
2014-540,Wimbledon,Grass,128,G,20140623,123,103819,4,,Roger Federer,R,185,SUI,32.8733744011,4,4945,104527,5,,Stanislas Wawrinka,R,183,SUI,29.2375085558,3,5420,3-6 7-6(5) 6-4 6-4,5,QF,153,10,1,119,77,61,29,20,3,4,9,1,124,74,57,31,21,5,7,2014-06-23,#49b6c2,487.05,155.78,487.05,544.22,7.2,R16 / Quarter-Final,Win,Stanislas Wawrinka,320
2014-540,Wimbledon,Grass,128,G,20140623,126,103819,4,,Roger Federer,R,185,SUI,32.8733744011,4,4945,105683,8,,Milos Raonic,R,196,CAN,23.4880219028,9,3245,6-4 6-4 6-4,5,SF,101,6,1,80,52,42,19,15,1,1,17,4,84,46,37,19,15,4,7,2014-06-23,#a56bc5,267.26,116.23,267.26,583.77,9,Semi-Final / Final,Win,Milos Raonic,321
2014-540,Wimbledon,Grass,128,G,20140623,127,104925,1,,Novak Djokovic,R,188,SRB,27.0882956879,2,12330,103819,4,,Roger Federer,R,185,SUI,32.8733744011,4,4945,6-7(7) 6-4 7-6(4) 5-7 6-4,5,F,236,13,3,174,108,79,43,28,4,7,29,5,192,133,102,26,28,11,15,2014-06-23,#a56bc5,303.32,32.02,303.32,667.98,9,Semi-Final / Final,Loss,Novak Djokovic,322
2014-560,US Open,Hard,128,G,20140825,64,103819,2,,Roger Federer,R,185,SUI,33.0458590007,3,7490,104594,,,Marinko Matosevic,R,194,AUS,29.0458590007,76,682,6-3 6-4 7-6(4),5,R128,127,10,1,87,60,53,15,16,2,3,4,4,120,71,44,26,15,11,14,2014-08-25,#aeb7c6,834.00,157.97,834.00,542.03,5.5,Early Rounds,Win,Marinko Matosevic,323
2014-560,US Open,Hard,128,G,20140825,96,103819,2,,Roger Federer,R,185,SUI,33.0458590007,3,7490,105032,,,Samuel Groth,R,,AUS,26.8501026694,104,571,6-4 6-4 6-4,5,R64,108,9,4,79,49,41,15,15,0,2,9,8,109,69,41,20,15,6,11,2014-08-25,#aeb7c6,816.60,179.80,816.60,520.20,5.5,Early Rounds,Win,Samuel Groth,324
2014-560,US Open,Hard,128,G,20140825,112,103819,2,,Roger Federer,R,185,SUI,33.0458590007,3,7490,104719,,,Marcel Granollers,R,190,ESP,28.3696098563,42,1010,4-6 6-1 6-1 6-1,5,R32,118,12,0,93,58,41,20,15,6,8,5,3,99,56,30,18,16,11,20,2014-08-25,#aeb7c6,797.36,201.18,797.36,498.82,5.5,Early Rounds,Win,Marcel Granollers,325
2014-560,US Open,Hard,128,G,20140825,120,103819,2,,Roger Federer,R,185,SUI,33.0458590007,3,7490,105138,17,,Roberto Bautista Agut,R,,ESP,26.3627652293,19,1800,6-4 6-3 6-2,5,R16,116,8,5,87,51,39,19,13,6,7,2,4,102,65,38,15,14,7,13,2014-08-25,#49b6c2,598.78,84.89,598.78,615.11,7.2,R16 / Quarter-Final,Win,Roberto Bautista Agut,326
2014-560,US Open,Hard,128,G,20140825,124,103819,2,,Roger Federer,R,185,SUI,33.0458590007,3,7490,104792,20,,Gael Monfils,R,193,FRA,27.9808350445,24,1530,4-6 3-6 6-4 7-5 6-2,5,QF,200,5,2,151,86,65,37,25,10,15,6,9,157,99,65,29,24,7,13,2014-08-25,#49b6c2,437.73,143.02,437.73,556.98,7.2,R16 / Quarter-Final,Win,Gael Monfils,327
2014-560,US Open,Hard,128,G,20140825,126,105227,14,,Marin Cilic,R,198,CRO,25.9055441478,16,1845,103819,2,,Roger Federer,R,185,SUI,33.0458590007,3,7490,6-3 6-4 6-4,5,SF,105,13,1,81,45,39,20,15,1,2,12,1,84,52,36,16,14,4,8,2014-08-25,#a56bc5,193.07,35.53,193.07,664.47,9,Semi-Final / Final,Loss,Marin Cilic,328
2015-580,Australian Open,Hard,128,G,20150119,64,103819,2,,Roger Federer,R,185,SUI,33.4483230664,2,9875,104229,,,Yen Hsun Lu,R,180,TPE,31.4332648871,47,888,6-4 6-2 7-5,5,R128,113,9,3,83,56,48,17,15,4,4,1,2,97,57,35,22,15,10,14,2015-01-19,#aeb7c6,776.51,224.17,776.51,475.83,5.5,Early Rounds,Win,Yen Hsun Lu,329
2015-580,Australian Open,Hard,128,G,20150119,96,103819,2,,Roger Federer,R,185,SUI,33.4483230664,2,9875,104620,,,Simone Bolelli,R,183,ITA,29.2813141684,48,864,3-6 6-3 6-2 6-2,5,R64,129,16,0,92,64,50,20,17,0,1,8,3,109,57,36,28,17,6,11,2015-01-19,#aeb7c6,752.56,240.45,752.56,459.55,5.5,Early Rounds,Win,Simone Bolelli,330
2015-580,Australian Open,Hard,128,G,20150119,112,104312,,,Andreas Seppi,R,190,ITA,30.9103353867,46,915,103819,2,,Roger Federer,R,185,SUI,33.4483230664,2,9875,6-4 7-6(5) 4-6 7-6(5),5,R32,177,4,4,151,86,67,32,22,7,10,15,9,138,82,66,27,22,2,5,2015-01-19,#aeb7c6,728.14,259.40,728.14,440.60,5.5,Early Rounds,Loss,Andreas Seppi,331
2015-520,Roland Garros,Clay,128,G,20150524,64,103819,2,,Roger Federer,R,185,SUI,33.7932922656,2,9235,104268,,LL,Alejandro Falla,L,185,COL,31.5263518138,109,485,6-3 6-3 6-4,5,R128,110,8,0,81,58,45,15,14,2,2,2,4,109,74,48,16,14,12,16,2015-05-24,#aeb7c6,700.36,274.88,700.36,425.12,5.5,Early Rounds,Win,Alejandro Falla,332
2015-520,Roland Garros,Clay,128,G,20150524,96,103819,2,,Roger Federer,R,185,SUI,33.7932922656,2,9235,104719,,,Marcel Granollers,R,190,ESP,29.1170431211,57,845,6-2 7-6(1) 6-3,5,R64,107,3,0,77,49,40,20,15,1,3,2,3,94,62,38,14,14,3,8,2015-05-24,#aeb7c6,673.11,286.91,673.11,413.09,5.5,Early Rounds,Win,Marcel Granollers,333
2015-520,Roland Garros,Clay,128,G,20150524,112,103819,2,,Roger Federer,R,185,SUI,33.7932922656,2,9235,106000,,,Damir Dzumhur,R,172,BIH,23.0116358658,88,601,6-4 6-3 6-2,5,R32,88,4,1,82,53,36,19,13,4,5,3,2,81,57,32,12,14,2,8,2015-05-24,#aeb7c6,645.85,300.53,645.85,399.47,5.5,Early Rounds,Win,Damir Dzumhur,334
2015-520,Roland Garros,Clay,128,G,20150524,120,103819,2,,Roger Federer,R,185,SUI,33.7932922656,2,9235,104792,13,,Gael Monfils,R,193,FRA,28.7282683094,14,2065,6-3 4-6 6-4 6-1,5,R16,130,2,1,100,61,45,25,18,2,4,6,4,122,76,47,21,18,7,13,2015-05-24,#49b6c2,431.87,326.90,431.87,373.10,7.2,R16 / Quarter-Final,Win,Gael Monfils,335
2015-520,Roland Garros,Clay,128,G,20150524,124,104527,8,,Stanislas Wawrinka,R,183,SUI,30.1574264203,9,3845,103819,2,,Roger Federer,R,185,SUI,33.7932922656,2,9235,6-4 6-3 7-6(4),5,QF,129,4,0,92,50,44,26,15,4,4,7,0,112,71,48,23,16,5,8,2015-05-24,#49b6c2,395.69,163.29,395.69,536.71,7.2,R16 / Quarter-Final,Loss,Stanislas Wawrinka,336
2015-540,Wimbledon,Grass,128,G,20150629,64,103819,2,,Roger Federer,R,185,SUI,33.8891170431,2,9665,106000,,,Damir Dzumhur,R,172,BIH,23.1074606434,88,593,6-1 6-3 6-3,5,R128,,6,0,64,41,35,17,13,0,0,2,8,69,41,27,8,12,5,10,2015-06-29,#aeb7c6,684.74,310.08,684.74,389.92,5.5,Early Rounds,Win,Damir Dzumhur,337
2015-540,Wimbledon,Grass,128,G,20150629,96,103819,2,,Roger Federer,R,185,SUI,33.8891170431,2,9665,105023,,,Sam Querrey,R,198,USA,27.7262149213,36,1140,6-4 6-2 6-2,5,R64,,6,2,77,47,37,19,13,2,2,7,2,79,45,32,15,13,7,12,2015-06-29,#aeb7c6,655.76,321.38,655.76,378.62,5.5,Early Rounds,Win,Sam Querrey,338
2015-540,Wimbledon,Grass,128,G,20150629,112,103819,2,,Roger Federer,R,185,SUI,33.8891170431,2,9665,105032,,,Samuel Groth,R,,AUS,27.6933607118,69,743,6-4 6-4 6-7(5) 6-2,5,R32,,17,1,108,67,60,28,20,0,0,21,4,130,84,61,24,20,4,8,2015-06-29,#aeb7c6,636.52,332.94,636.52,367.06,5.5,Early Rounds,Win,Samuel Groth,339
2015-540,Wimbledon,Grass,128,G,20150629,120,103819,2,,Roger Federer,R,185,SUI,33.8891170431,2,9665,105138,20,,Roberto Bautista Agut,R,,ESP,27.2060232717,22,1545,6-2 6-2 6-3,5,R16,,7,0,56,38,35,13,12,0,0,2,0,84,56,30,15,13,7,13,2015-06-29,#49b6c2,383.64,32.51,383.64,667.49,7.2,R16 / Quarter-Final,Win,Roberto Bautista Agut,340
2015-540,Wimbledon,Grass,128,G,20150629,124,103819,2,,Roger Federer,R,185,SUI,33.8891170431,2,9665,104468,12,,Gilles Simon,R,183,FRA,30.5023956194,13,2435,6-3 7-5 6-2,5,QF,,11,1,75,55,44,12,15,0,1,1,2,83,48,29,19,14,3,8,2015-06-29,#49b6c2,624.70,32.65,624.70,667.35,7.2,R16 / Quarter-Final,Win,Gilles Simon,341
2015-540,Wimbledon,Grass,128,G,20150629,126,103819,2,,Roger Federer,R,185,SUI,33.8891170431,2,9665,104918,3,,Andy Murray,R,190,GBR,28.1232032854,3,7450,7-5 7-5 6-4,5,SF,,20,1,91,69,58,12,17,1,1,12,1,107,79,56,14,17,7,10,2015-06-29,#a56bc5,533.24,51.69,533.24,648.31,9,Semi-Final / Final,Win,Andy Murray,342
2015-540,Wimbledon,Grass,128,G,20150629,127,104925,1,,Novak Djokovic,R,188,SRB,28.1040383299,1,13845,103819,2,,Roger Federer,R,185,SUI,33.8891170431,2,9665,7-6(1) 6-7(10) 6-4 6-3,5,F,,13,1,145,95,70,30,21,6,7,14,3,141,94,70,23,22,6,10,2015-06-29,#a56bc5,472.05,425.66,472.05,274.34,9,Semi-Final / Final,Loss,Novak Djokovic,343
2015-560,US Open,Hard,128,G,20150831,64,103819,2,,Roger Federer,R,185,SUI,34.0616016427,2,9065,104919,,,Leonardo Mayer,R,188,ARG,28.295687885,34,1140,6-1 6-2 6-2,5,R128,,11,5,66,43,36,14,12,1,1,1,7,70,40,21,14,11,3,9,2015-08-31,#aeb7c6,543.76,266.06,543.76,433.94,5.5,Early Rounds,Win,Leonardo Mayer,344
2015-560,US Open,Hard,128,G,20150831,96,103819,2,,Roger Federer,R,185,SUI,34.0616016427,2,9065,104327,,,Steve Darcis,R,178,BEL,31.4661190965,66,750,6-1 6-2 6-1,5,R64,,12,1,61,43,37,10,11,1,1,2,2,80,43,23,15,11,12,19,2015-08-31,#aeb7c6,446.71,345.87,446.71,354.13,5.5,Early Rounds,Win,Steve Darcis,345
2015-560,US Open,Hard,128,G,20150831,112,103819,2,,Roger Federer,R,185,SUI,34.0616016427,2,9065,104259,29,,Philipp Kohlschreiber,R,178,GER,31.8740588638,29,1230,6-3 6-4 6-4,5,R32,,5,4,83,50,36,18,15,2,4,1,5,72,44,31,15,14,3,8,2015-08-31,#aeb7c6,619.79,340.84,619.79,359.16,5.5,Early Rounds,Win,Philipp Kohlschreiber,346
2015-560,US Open,Hard,128,G,20150831,120,103819,2,,Roger Federer,R,185,SUI,34.0616016427,2,9065,104545,13,,John Isner,R,206,USA,30.3463381246,13,2235,7-6(0) 7-6(6) 7-5,5,R16,,13,1,111,65,54,33,18,5,5,17,1,133,91,63,22,18,9,10,2015-08-31,#49b6c2,409.41,267.59,409.41,432.41,7.2,R16 / Quarter-Final,Win,John Isner,347
2015-560,US Open,Hard,128,G,20150831,124,103819,2,,Roger Federer,R,185,SUI,34.0616016427,2,9065,104755,12,,Richard Gasquet,R,185,FRA,29.2019164956,12,2240,6-3 6-3 6-1,5,QF,,16,2,70,53,46,8,13,0,0,1,2,73,44,27,12,12,8,13,2015-08-31,#49b6c2,347.96,616.65,347.96,83.35,7.2,R16 / Quarter-Final,Win,Richard Gasquet,348
2015-560,US Open,Hard,128,G,20150831,126,103819,2,,Roger Federer,R,185,SUI,34.0616016427,2,9065,104527,5,,Stanislas Wawrinka,R,183,SUI,30.4257357974,5,5710,6-4 6-3 6-1,5,SF,,10,2,77,50,40,17,13,4,4,6,1,78,38,22,20,13,6,11,2015-08-31,#a56bc5,518.97,599.40,518.97,100.60,9,Semi-Final / Final,Win,Stanislas Wawrinka,349
2015-560,US Open,Hard,128,G,20150831,127,104925,1,,Novak Djokovic,R,188,SRB,28.2765229295,1,14865,103819,2,,Roger Federer,R,185,SUI,34.0616016427,2,9065,6-4 5-7 6-4 6-4,5,F,,3,5,155,96,63,32,21,19,23,11,5,137,87,62,23,21,7,13,2015-08-31,#a56bc5,665.05,33.41,665.05,666.59,9,Semi-Final / Final,Loss,Novak Djokovic,350
2016-580,Australian Open,Hard,128,G,20160118,116,103819,3,,Roger Federer,R,185,SUI,34.4449007529,3,8165,105932,,,Nikoloz Basilashvili,R,,RUS,23.9014373717,118,493,6-2 6-1 6-2,5,R128,72,6,3,56,36,33,9,12,0,1,2,5,68,44,23,7,11,6,14,2016-01-18,#aeb7c6,402.29,459.57,402.29,240.43,5.5,Early Rounds,Win,Nikoloz Basilashvili,351
2016-580,Australian Open,Hard,128,G,20160118,172,103819,3,,Roger Federer,R,185,SUI,34.4449007529,3,8165,105238,,,Alexandr Dolgopolov,R,180,UKR,27.1950718686,35,1160,6-3 7-5 6-1,5,R64,93,25,2,72,49,43,13,14,0,0,3,7,97,55,35,18,14,8,13,2016-01-18,#aeb7c6,396.88,482.06,396.88,217.94,5.5,Early Rounds,Win,Alexandr Dolgopolov,352
2016-580,Australian Open,Hard,128,G,20160118,200,103819,3,,Roger Federer,R,185,SUI,34.4449007529,3,8165,105777,27,,Grigor Dimitrov,R,188,BUL,24.6762491444,28,1420,6-4 3-6 6-1 6-4,5,R32,160,13,5,112,69,52,24,18,5,6,8,3,126,76,48,27,18,11,15,2016-01-18,#aeb7c6,391.47,500.11,391.47,199.89,5.5,Early Rounds,Win,Grigor Dimitrov,353
2016-580,Australian Open,Hard,128,G,20160118,214,103819,3,,Roger Federer,R,185,SUI,34.4449007529,3,8165,105676,15,,David Goffin,R,163,BEL,25.1143052704,16,1835,6-2 6-1 6-4,5,R16,88,7,1,67,42,36,16,13,0,1,5,2,83,55,36,8,12,7,13,2016-01-18,#49b6c2,264.88,58.31,264.88,641.69,7.2,R16 / Quarter-Final,Win,David Goffin,354
2016-580,Australian Open,Hard,128,G,20160118,221,103819,3,,Roger Federer,R,185,SUI,34.4449007529,3,8165,104607,6,,Tomas Berdych,R,196,CZE,30.3353867214,6,4560,7-6 6-2 6-4,5,QF,136,9,3,87,60,50,13,16,4,6,9,5,111,60,41,24,15,5,10,2016-01-18,#49b6c2,234.33,145.63,234.33,554.37,7.2,R16 / Quarter-Final,Win,Tomas Berdych,355
2016-580,Australian Open,Hard,128,G,20160118,224,104925,1,,Novak Djokovic,R,188,SRB,28.6598220397,1,16790,103819,3,,Roger Federer,R,185,SUI,34.4449007529,3,8165,6-1 6-2 3-6 6-3,5,SF,139,10,1,97,65,50,21,17,3,4,5,1,100,57,35,21,16,4,9,2016-01-18,#a56bc5,423.22,453.39,423.22,246.61,9,Semi-Final / Final,Loss,Novak Djokovic,356
2016-540,Wimbledon,Grass,128,G,20160627,116,103819,3,,Roger Federer,R,185,SUI,34.8856947296,3,6425,105550,,,Guido Pella,L,,ARG,26.1136208077,52,919,7-6(5) 7-6(3) 6-3,5,R128,125,12,0,94,60,53,23,17,0,0,5,1,119,75,50,27,16,8,9,2016-06-27,#aeb7c6,390.00,518.73,390.00,181.27,5.5,Early Rounds,Win,Guido Pella,357
2016-540,Wimbledon,Grass,128,G,20160627,172,103819,3,,Roger Federer,R,185,SUI,34.8856947296,3,6425,105650,,,Marcus Willis,L,,GBR,25.7166324435,772,26,6-0 6-3 6-4,5,R64,84,9,0,73,45,35,19,13,2,2,9,3,83,50,32,14,12,7,12,2016-06-27,#aeb7c6,390.00,537.56,390.00,162.44,5.5,Early Rounds,Win,Marcus Willis,358
2016-540,Wimbledon,Grass,128,G,20160627,200,103819,3,,Roger Federer,R,185,SUI,34.8856947296,3,6425,105554,,,Daniel Evans,R,175,GBR,26.0971937029,91,648,6-4 6-2 6-2,5,R32,86,11,0,67,45,40,11,13,1,2,0,8,94,54,26,21,13,9,15,2016-06-27,#aeb7c6,390.00,556.40,390.00,143.60,5.5,Early Rounds,Win,Daniel Evans,359
2016-540,Wimbledon,Grass,128,G,20160627,214,103819,3,,Roger Federer,R,185,SUI,34.8856947296,3,6425,105449,,,Steve Johnson,R,188,USA,26.507871321,29,1385,6-2 6-3 7-5,5,R16,96,6,2,83,55,41,20,15,3,4,8,3,101,65,40,15,14,5,10,2016-06-27,#49b6c2,470.71,352.73,470.71,347.27,7.2,R16 / Quarter-Final,Win,Steve Johnson,360
2016-540,Wimbledon,Grass,128,G,20160627,221,103819,3,,Roger Federer,R,185,SUI,34.8856947296,3,6425,105227,9,,Marin Cilic,R,198,CRO,27.7453798768,13,2695,6-7(4) 4-6 6-3 7-6(9) 6-3,5,QF,197,27,0,169,106,84,37,26,7,8,23,7,163,93,76,38,26,7,9,2016-06-27,#49b6c2,404.55,299.71,404.55,400.29,7.2,R16 / Quarter-Final,Win,Marin Cilic,361
2016-540,Wimbledon,Grass,128,G,20160627,224,105683,6,,Milos Raonic,R,196,CAN,25.5003422313,7,3175,103819,3,,Roger Federer,R,185,SUI,34.8856947296,3,6425,6-3 6-7(3) 4-6 7-5 6-3,5,SF,204,23,11,167,113,94,25,26,8,9,16,5,160,98,80,32,26,5,8,2016-06-27,#a56bc5,412.90,59.68,412.90,640.32,9,Semi-Final / Final,Loss,Milos Raonic,362
2017-580,Australian Open,Hard,128,G,20170116,111,103819,17,,Roger Federer,R,185,SUI,35.4,17,1980,103781,,Q,Jurgen Melzer,L,183,AUT,35.6,300,164,7-5 3-6 6-2 6-2,5,R128,125,19,1,103,66,51,20,19,1,4,4,1,111,83,47,15,18,2,9,2017-01-16,#aeb7c6,371.33,564.25,371.33,135.75,5.5,Early Rounds,Win,Jurgen Melzer,363
2017-580,Australian Open,Hard,128,G,20170116,169,103819,17,,Roger Federer,R,185,SUI,35.4,17,1980,111511,,Q,Noah Rubin,R,175,USA,20.9,200,274,7-5 6-3 7-6(3),5,R64,123,17,2,112,67,55,25,17,5,6,2,3,102,57,36,28,16,5,8,2017-01-16,#aeb7c6,350.46,569.91,350.46,130.09,5.5,Early Rounds,Win,Noah Rubin,364
2017-580,Australian Open,Hard,128,G,20170116,198,103819,17,,Roger Federer,R,185,SUI,35.4,17,1980,104607,10,,Tomas Berdych,R,196,CZE,31.3,10,3060,6-2 6-4 6-4,5,R32,90,8,2,70,41,39,17,14,0,0,13,3,81,51,43,9,14,1,5,2017-01-16,#aeb7c6,375.11,615.45,375.11,84.55,5.5,Early Rounds,Win,Tomas Berdych,365
2017-580,Australian Open,Hard,128,G,20170116,213,103819,17,,Roger Federer,R,185,SUI,35.4,17,1980,105453,5,,Kei Nishikori,R,178,JPN,27,5,5010,6-7(4) 6-4 6-1 4-6 6-3,5,R16,203,24,6,148,100,80,23,24,7,10,5,5,164,107,73,24,24,11,18,2017-01-16,#49b6c2,262.91,31.55,262.91,668.45,7.2,R16 / Quarter-Final,Win,Kei Nishikori,366
2017-580,Australian Open,Hard,128,G,20170116,220,103819,17,,Roger Federer,R,185,SUI,35.4,17,1980,104999,,,Mischa Zverev,L,190,GER,29.4,50,894,6-1 7-5 6-2,5,QF,92,9,1,79,54,37,17,14,1,2,5,0,97,72,38,13,13,9,15,2017-01-16,#49b6c2,417.02,485.83,417.02,214.17,7.2,R16 / Quarter-Final,Win,Mischa Zverev,367
2017-580,Australian Open,Hard,128,G,20170116,224,103819,17,,Roger Federer,R,185,SUI,35.4,17,1980,104527,4,,Stan Wawrinka,R,183,SUI,31.8,4,5155,7-5 6-3 1-6 4-6 6-3,5,SF,184,11,3,143,86,62,33,24,8,12,10,2,135,89,56,32,23,5,9,2017-01-16,#a56bc5,560.20,241.31,560.20,458.69,9,Semi-Final / Final,Win,Stan Wawrinka,368
2017-580,Australian Open,Hard,128,G,20170116,226,103819,17,,Roger Federer,R,185,SUI,35.4,17,1980,104745,9,,Rafael Nadal,L,185,ESP,30.6,9,3195,6-4 3-6 6-1 3-6 6-3,5,F,217,20,3,138,85,65,26,22,13,17,4,3,151,110,69,23,22,14,20,2017-01-16,#f1c34a,231.14,114.99,231.14,585.01,11,Title Win,Win,Rafael Nadal,369
2017-540,Wimbledon,Grass,128,G,20170703,147,103819,3,,Roger Federer,R,185,SUI,35.9,5,5265,105238,,,Alexandr Dolgopolov,R,180,UKR,28.6,84,631,6-3 3-0 RET,5,R128,42,10,1,36,27,21,4,6,0,0,2,4,50,23,13,12,6,6,9,2017-07-03,#aeb7c6,496.74,627.37,496.74,72.63,5.5,Early Rounds,Win,Alexandr Dolgopolov,370
2017-540,Wimbledon,Grass,128,G,20170703,187,103819,3,,Roger Federer,R,185,SUI,35.9,5,5265,105583,,,Dusan Lajovic,R,183,SRB,27,79,661,7-6(0) 6-3 6-2,5,R64,90,9,2,78,47,38,25,15,3,4,3,3,87,56,32,20,14,7,11,2017-07-03,#aeb7c6,329.65,571.56,329.65,128.44,5.5,Early Rounds,Win,Dusan Lajovic,371
2017-540,Wimbledon,Grass,128,G,20170703,207,103819,3,,Roger Federer,R,185,SUI,35.9,5,5265,104999,27,,Mischa Zverev,L,190,GER,29.8,30,1396,7-6(3) 6-4 6-4,5,R32,109,13,1,88,53,44,25,16,1,2,6,4,102,63,45,20,16,3,6,2017-07-03,#aeb7c6,494.37,456.23,494.37,243.77,5.5,Early Rounds,Win,Mischa Zverev,372
2017-540,Wimbledon,Grass,128,G,20170703,217,103819,3,,Roger Federer,R,185,SUI,35.9,5,5265,105777,13,,Grigor Dimitrov,R,191,BUL,26.1,11,3070,6-4 6-2 6-4,5,R16,97,8,0,75,52,39,17,14,2,3,7,7,91,57,37,15,14,5,10,2017-07-03,#49b6c2,410.77,543.19,410.77,156.81,7.2,R16 / Quarter-Final,Win,Grigor Dimitrov,373
2017-540,Wimbledon,Grass,128,G,20170703,222,103819,3,,Roger Federer,R,185,SUI,35.9,5,5265,105683,6,,Milos Raonic,R,196,CAN,26.5,7,4150,6-4 6-2 7-6(4),5,QF,117,11,2,89,61,55,15,15,5,5,11,0,96,70,50,11,15,3,6,2017-07-03,#49b6c2,443.12,474.79,443.12,225.21,7.2,R16 / Quarter-Final,Win,Milos Raonic,374
2017-540,Wimbledon,Grass,128,G,20170703,225,103819,3,,Roger Federer,R,185,SUI,35.9,5,5265,104607,11,,Tomas Berdych,R,196,CZE,31.7,15,2570,7-6(4) 7-6(4) 6-4,5,SF,138,13,4,105,70,59,21,17,5,6,9,0,128,79,54,28,17,7,9,2017-07-03,#a56bc5,420.48,649.47,420.48,50.53,9,Semi-Final / Final,Win,Tomas Berdych,375
2017-540,Wimbledon,Grass,128,G,20170703,226,103819,3,,Roger Federer,R,185,SUI,35.9,5,5265,105227,7,,Marin Cilic,R,198,CRO,28.7,6,4235,6-3 6-1 6-4,5,F,101,8,2,70,53,43,12,13,1,1,5,3,90,54,35,14,13,5,10,2017-07-03,#f1c34a,359.19,645.54,359.19,54.46,11,Title Win,Win,Marin Cilic,376
2017-560,US Open,Hard,128,G,20170828,116,103819,3,,Roger Federer,R,185,SUI,36,3,7145,126207,,,Frances Tiafoe,R,188,USA,19.6,70,705,4-6 6-2 6-1 1-6 6-4,5,R128,157,17,4,116,63,49,29,21,1,5,5,6,138,71,48,35,21,7,13,2017-08-28,#aeb7c6,500.90,476.53,500.90,223.47,5.5,Early Rounds,Win,Frances Tiafoe,377
2017-560,US Open,Hard,128,G,20170828,172,103819,3,,Roger Federer,R,185,SUI,36,3,7145,104022,,,Mikhail Youzhny,R,183,RUS,35.1,101,541,6-1 6-7(3) 4-6 6-4 6-2,5,R64,188,12,2,140,87,68,27,24,4,8,5,8,177,109,68,30,23,8,16,2017-08-28,#aeb7c6,507.42,497.89,507.42,202.11,5.5,Early Rounds,Win,Mikhail Youzhny,378
2017-560,US Open,Hard,128,G,20170828,200,103819,3,,Roger Federer,R,185,SUI,36,3,7145,103852,31,,Feliciano Lopez,L,188,ESP,35.9,35,1250,6-3 6-3 7-5,5,R32,106,13,1,84,46,39,22,15,5,6,9,3,91,49,38,16,15,7,12,2017-08-28,#aeb7c6,510.00,518.73,510.00,181.27,5.5,Early Rounds,Win,Feliciano Lopez,379
2017-560,US Open,Hard,128,G,20170828,214,103819,3,,Roger Federer,R,185,SUI,36,3,7145,104259,33,,Philipp Kohlschreiber,R,178,GER,33.8,37,1135,6-4 6-2 7-5,5,R16,109,11,2,75,49,43,19,15,0,0,4,2,96,55,37,20,15,3,7,2017-08-28,#49b6c2,504.83,655.81,504.83,44.19,7.2,R16 / Quarter-Final,Win,Philipp Kohlschreiber,380
2017-560,US Open,Hard,128,G,20170828,221,105223,24,,Juan Martin del Potro,R,198,ARG,28.9,28,1460,103819,3,,Roger Federer,R,185,SUI,36,3,7145,7-5 3-6 7-6(8) 6-4,5,QF,170,12,3,119,80,65,20,22,1,3,17,5,137,84,61,30,21,3,6,2017-08-28,#49b6c2,411.19,33.06,411.19,666.94,7.2,R16 / Quarter-Final,Loss,Juan Martin del Potro,381
2018-580,Australian Open,Hard,128,G,20180115,164,103819,2,,Roger Federer,R,185,SUI,36.4,2,9605,105379,,,Aljaz Bedene,R,181,SLO,28.4,51,968,6-3 6-4 6-3,5,R128,99,12,3,81,58,45,14,14,2,2,2,5,90,50,35,18,14,9,13,2018-01-15,#aeb7c6,510.00,537.56,510.00,162.44,5.5,Early Rounds,Win,Aljaz Bedene,382
2018-580,Australian Open,Hard,128,G,20180115,232,103819,2,,Roger Federer,R,185,SUI,36.4,2,9605,105526,,,Jan Lennard Struff,R,193,GER,27.7,55,870,6-4 6-4 7-6(4),5,R64,115,17,1,92,53,44,26,16,2,3,7,5,107,54,41,27,16,8,11,2018-01-15,#aeb7c6,510.00,556.40,510.00,143.60,5.5,Early Rounds,Win,Jan Lennard Struff,383
2018-580,Australian Open,Hard,128,G,20180115,316,103819,2,,Roger Federer,R,185,SUI,36.4,2,9605,104755,29,,Richard Gasquet,R,183,FRA,31.5,31,1375,6-2 7-5 6-4,5,R32,119,12,1,94,61,49,14,15,1,2,3,3,90,61,41,12,15,3,8,2018-01-15,#aeb7c6,524.28,565.35,524.28,134.65,5.5,Early Rounds,Win,Richard Gasquet,384
2018-580,Australian Open,Hard,128,G,20180115,408,103819,2,,Roger Federer,R,185,SUI,36.4,2,9605,105916,,,Marton Fucsovics,R,188,HUN,25.9,80,674,6-4 7-6(3) 6-2,5,R16,121,6,2,81,48,40,25,15,0,0,5,6,108,57,38,27,15,7,10,2018-01-15,#49b6c2,462.47,155.39,462.47,544.61,7.2,R16 / Quarter-Final,Win,Marton Fucsovics,385
2018-580,Australian Open,Hard,128,G,20180115,504,103819,2,,Roger Federer,R,185,SUI,36.4,2,9605,104607,19,,Tomas Berdych,R,196,CZE,32.3,20,2050,7-6(1) 6-3 6-4,5,QF,134,15,5,96,60,50,19,16,3,5,4,1,94,53,37,21,15,4,8,2018-01-15,#49b6c2,241.80,176.18,241.80,523.82,7.2,R16 / Quarter-Final,Win,Tomas Berdych,386
2018-580,Australian Open,Hard,128,G,20180115,602,103819,2,,Roger Federer,R,185,SUI,36.4,2,9605,111202,,,Hyeon Chung,R,188,KOR,21.6,58,857,6-1 5-2 RET,5,SF,62,9,1,37,16,15,15,7,1,1,1,3,53,30,17,9,7,7,11,2018-01-15,#a56bc5,357.73,589.93,357.73,110.07,9,Semi-Final / Final,Win,Hyeon Chung,387
2018-580,Australian Open,Hard,128,G,20180115,701,103819,2,,Roger Federer,R,185,SUI,36.4,2,9605,105227,6,,Marin Cilic,R,198,CRO,29.2,6,3805,6-2 6-7(5) 6-3 3-6 6-1,5,F,183,24,4,139,84,67,32,23,7,9,16,5,141,88,61,27,22,7,13,2018-01-15,#f1c34a,443.23,433.58,443.23,266.42,11,Title Win,Win,Marin Cilic,388
2018-540,Wimbledon,Grass,128,G,20180702,100,103819,1,,Roger Federer,R,185,SUI,36.8,2,8720,105583,,,Dusan Lajovic,R,183,SRB,28,58,920,6-1 6-3 6-4,5,R128,79,8,1,63,45,41,11,13,0,0,0,1,84,59,35,10,13,6,11,2018-07-02,#aeb7c6,544.05,569.91,544.05,130.09,5.5,Early Rounds,Win,Dusan Lajovic,389
2018-540,Wimbledon,Grass,128,G,20180702,164,103819,1,,Roger Federer,R,185,SUI,36.8,2,8720,105041,,,Lukas Lacko,R,185,SVK,30.6,73,752,6-4 6-4 6-1,5,R64,90,16,0,61,43,40,12,13,0,0,6,4,90,53,35,16,14,4,9,2018-07-02,#aeb7c6,564.53,570.46,564.53,129.54,5.5,Early Rounds,Win,Lukas Lacko,390
2018-540,Wimbledon,Grass,128,G,20180702,196,103819,1,,Roger Federer,R,185,SUI,36.8,2,8720,105526,,,Jan Lennard Struff,R,193,GER,28.1,64,865,6-3 7-5 6-2,5,R32,94,10,2,74,40,37,23,15,0,0,11,6,100,56,37,21,14,10,14,2018-07-02,#aeb7c6,564.70,593.52,564.70,106.48,5.5,Early Rounds,Win,Jan Lennard Struff,391
2018-540,Wimbledon,Grass,128,G,20180702,212,103819,1,,Roger Federer,R,185,SUI,36.8,2,8720,105173,22,,Adrian Mannarino,L,180,FRA,30,26,1580,6-0 7-5 6-4,5,R16,105,13,0,76,51,46,13,14,4,4,6,2,100,77,42,11,14,7,12,2018-07-02,#49b6c2,241.97,229.49,241.97,470.51,7.2,R16 / Quarter-Final,Win,Adrian Mannarino,392
2018-540,Wimbledon,Grass,128,G,20180702,220,104731,8,,Kevin Anderson,R,203,RSA,32.1,8,3635,103819,1,,Roger Federer,R,185,SUI,36.8,2,8720,2-6 6-7(5) 7-5 6-4 13-11,5,QF,254,27,3,208,139,106,36,34,9,12,17,1,177,123,97,32,33,3,7,2018-07-02,#49b6c2,381.11,369.13,381.11,330.87,7.2,R16 / Quarter-Final,Loss,Kevin Anderson,393
2018-560,US Open,Hard,128,G,20180827,163,103819,2,,Roger Federer,R,185,SUI,37,2,7080,106415,,,Yoshihito Nishioka,L,170,JPN,22.9,177,323,6-2 6-2 6-4,5,R128,112,14,3,82,55,43,13,13,8,9,0,4,110,64,29,27,13,9,15,2018-08-27,#aeb7c6,608.76,670.43,608.76,29.57,5.5,Early Rounds,Win,Yoshihito Nishioka,394
2018-560,US Open,Hard,128,G,20180827,195,103819,2,,Roger Federer,R,185,SUI,37,2,7080,105332,,,Benoit Paire,R,196,FRA,29.3,56,955,7-5 6-4 6-4,5,R64,117,5,5,95,55,41,25,16,4,6,6,11,102,57,36,22,16,4,9,2018-08-27,#aeb7c6,327.54,595.00,327.54,105.00,5.5,Early Rounds,Win,Benoit Paire,395
2018-560,US Open,Hard,128,G,20180827,211,103819,2,,Roger Federer,R,185,SUI,37,2,7080,106401,30,,Nick Kyrgios,R,193,AUS,23.3,30,1345,6-4 6-1 7-5,5,R32,104,16,1,92,61,53,15,15,4,4,13,2,94,57,36,22,14,6,10,2018-08-27,#aeb7c6,325.69,615.52,325.69,84.48,5.5,Early Rounds,Win,Nick Kyrgios,396
2018-560,US Open,Hard,128,G,20180827,219,105357,,,John Millman,R,183,AUS,29.2,55,963,103819,2,,Roger Federer,R,185,SUI,37,2,7080,3-6 7-5 7-6(7) 7-6(3),5,R16,215,8,1,144,91,68,32,24,8,11,13,10,173,84,68,42,23,8,11,2018-08-27,#49b6c2,385.16,315.04,385.16,384.96,7.2,R16 / Quarter-Final,Loss,John Millman,397
2019-580,Australian Open,Hard,128,G,20190114,147,103819,3,,Roger Federer,R,185,SUI,37.4,3,6420,104797,,,Denis Istomin,R,185,UZB,32.3,101,577,6-3 6-4 6-4,5,R128,117,14,2,82,46,38,24,15,0,0,4,1,99,69,45,16,14,6,9,2019-01-14,#aeb7c6,312.60,630.93,312.60,69.07,5.5,Early Rounds,Win,Denis Istomin,398
2019-580,Australian Open,Hard,128,G,20190114,187,103819,3,,Roger Federer,R,185,SUI,37.4,3,6420,105554,,Q,Daniel Evans,R,175,GBR,28.6,189,266,7-6(5) 7-6(3) 6-3,5,R64,155,11,1,99,62,52,24,17,2,3,4,0,115,70,51,21,16,3,5,2019-01-14,#aeb7c6,294.46,669.03,294.46,30.97,5.5,Early Rounds,Win,Daniel Evans,399
2019-580,Australian Open,Hard,128,G,20190114,207,103819,3,,Roger Federer,R,185,SUI,37.4,3,6420,126203,,,Taylor Fritz,R,196,USA,21.2,50,964,6-2 7-5 6-2,5,R32,88,10,3,70,43,40,17,14,0,0,8,0,78,45,28,20,14,4,9,2019-01-14,#aeb7c6,312.09,670.00,312.09,30.00,5.5,Early Rounds,Win,Taylor Fritz,400
2019-580,Australian Open,Hard,128,G,20190114,217,126774,14,,Stefanos Tsitsipas,R,193,GRE,20.4,15,2095,103819,3,,Roger Federer,R,185,SUI,37.4,3,6420,6-7(11) 7-6(3) 7-5 7-6(5),5,R16,225,20,1,188,112,87,49,24,12,12,12,0,156,105,83,31,24,2,3,2019-01-14,#49b6c2,450.20,177.19,450.20,522.81,7.2,R16 / Quarter-Final,Loss,Stefanos Tsitsipas,401
2019-520,Roland Garros,Clay,128,G,20190527,1148,103819,3,,Roger Federer,R,185,SUI,37.7,3,5950,132283,,,Lorenzo Sonego,R,191,ITA,24,74,732,6-2 6-4 6-4,5,R128,101,5,2,70,52,44,11,14,3,4,3,0,92,59,37,14,14,6,11,2019-05-27,#aeb7c6,331.79,670.00,331.79,30.00,5.5,Early Rounds,Win,Lorenzo Sonego,402
2019-520,Roland Garros,Clay,128,G,20190527,1224,103819,3,,Roger Federer,R,185,SUI,37.7,3,5950,106214,,LL,Oscar Otte,R,193,GER,25.8,144,391,6-4 6-3 6-4,5,R64,96,5,0,82,62,47,15,15,4,4,4,3,78,40,28,22,14,1,4,2019-05-27,#aeb7c6,351.49,670.00,351.49,30.00,5.5,Early Rounds,Win,Oscar Otte,403
2019-520,Roland Garros,Clay,128,G,20190527,1312,103819,3,,Roger Federer,R,185,SUI,37.7,3,5950,134770,,,Casper Ruud,R,183,NOR,20.4,63,810,6-3 6-1 7-6(8),5,R32,131,11,3,97,60,48,19,14,4,5,2,6,107,73,49,11,14,7,12,2019-05-27,#aeb7c6,371.19,670.00,371.19,30.00,5.5,Early Rounds,Win,Casper Ruud,404
2019-520,Roland Garros,Clay,128,G,20190527,1406,103819,3,,Roger Federer,R,185,SUI,37.7,3,5950,104919,,,Leonardo Mayer,R,188,ARG,32,68,770,6-2 6-3 6-3,5,R16,102,4,0,70,47,39,16,13,0,0,0,4,87,45,28,20,13,5,10,2019-05-27,#49b6c2,460.51,325.30,460.51,374.70,7.2,R16 / Quarter-Final,Win,Leonardo Mayer,405
2019-520,Roland Garros,Clay,128,G,20190527,1503,103819,3,,Roger Federer,R,185,SUI,37.7,3,5950,104527,24,,Stan Wawrinka,R,183,SUI,34.1,28,1365,7-6(4) 4-6 7-6(5) 6-4,5,QF,215,5,2,149,94,73,32,22,3,5,8,7,171,113,81,27,22,16,18,2019-05-27,#49b6c2,471.45,453.86,471.45,246.14,7.2,R16 / Quarter-Final,Win,Stan Wawrinka,406
2019-520,Roland Garros,Clay,128,G,20190527,1602,104745,2,,Rafael Nadal,L,185,ESP,32.9,2,7945,103819,3,,Roger Federer,R,185,SUI,37.7,3,5950,6-3 6-4 6-2,5,SF,145,3,1,88,72,49,9,14,2,4,3,1,93,55,34,15,13,10,16,2019-05-27,#a56bc5,441.60,399.88,441.60,300.12,9,Semi-Final / Final,Loss,Rafael Nadal,407
2019-540,Wimbledon,Grass,128,G,20190701,163,103819,2,,Roger Federer,R,185,SUI,37.8,3,6620,144750,,,Lloyd Harris,R,193,RSA,22.3,86,652,3-6 6-1 6-2 6-2,5,R128,111,9,1,78,44,35,27,16,0,1,5,3,99,59,37,18,16,6,12,2019-07-01,#aeb7c6,390.90,670.00,390.90,30.00,5.5,Early Rounds,Win,Lloyd Harris,408
2019-540,Wimbledon,Grass,128,G,20190701,195,103819,2,,Roger Federer,R,185,SUI,37.8,3,6620,126652,,,Jay Clarke,R,183,GBR,20.9,169,316,6-1 7-6(3) 6-2,5,R64,97,10,2,73,46,42,19,15,2,2,1,7,86,50,31,18,13,1,5,2019-07-01,#aeb7c6,410.60,670.00,410.60,30.00,5.5,Early Rounds,Win,Jay Clarke,409
2019-540,Wimbledon,Grass,128,G,20190701,211,103819,2,,Roger Federer,R,185,SUI,37.8,3,6620,106298,27,,Lucas Pouille,R,185,FRA,25.3,28,1340,7-5 6-2 7-6(4),5,R32,126,6,0,102,71,54,18,16,3,4,6,3,106,51,34,30,17,5,9,2019-07-01,#aeb7c6,430.30,670.00,430.30,30.00,5.5,Early Rounds,Win,Lucas Pouille,410
2019-540,Wimbledon,Grass,128,G,20190701,219,103819,2,,Roger Federer,R,185,SUI,37.8,3,6620,126610,17,,Matteo Berrettini,R,196,ITA,23.2,20,1665,6-1 6-2 6-2,5,R16,74,5,1,61,42,37,13,12,1,1,3,3,58,26,18,11,11,1,7,2019-07-01,#49b6c2,566.28,193.65,566.28,506.35,7.2,R16 / Quarter-Final,Win,Matteo Berrettini,411
2019-540,Wimbledon,Grass,128,G,20190701,223,103819,2,,Roger Federer,R,185,SUI,37.8,3,6620,105453,8,,Kei Nishikori,R,178,JPN,29.5,7,4040,4-6 6-1 6-4 6-4,5,QF,156,12,4,106,70,57,21,19,5,6,3,2,138,79,45,33,18,10,14,2019-07-01,#49b6c2,226.50,198.24,226.50,501.76,7.2,R16 / Quarter-Final,Win,Kei Nishikori,412
2019-540,Wimbledon,Grass,128,G,20190701,225,103819,2,,Roger Federer,R,185,SUI,37.8,3,6620,104745,3,,Rafael Nadal,L,185,ESP,33,2,7945,7-6(3) 1-6 6-3 6-4,5,SF,182,14,1,116,79,58,23,19,6,8,10,4,127,81,60,22,20,8,10,2019-07-01,#a56bc5,588.47,28.85,588.47,671.15,9,Semi-Final / Final,Win,Rafael Nadal,413
2019-540,Wimbledon,Grass,128,G,20190701,226,104925,1,,Novak Djokovic,R,188,SRB,32.1,1,12415,103819,2,,Roger Federer,R,185,SUI,37.8,3,6620,7-6(5) 1-6 7-6(4) 4-6 13-12(3),5,F,297,10,9,219,136,101,39,34,6,13,25,6,203,127,100,39,34,5,8,2019-07-01,#a56bc5,208.78,86.03,208.78,613.97,9,Semi-Final / Final,Loss,Novak Djokovic,414
2019-560,US Open,Hard,128,G,20190826,116,103819,3,,Roger Federer,R,185,SUI,38,3,6950,111576,,Q,Sumit Nagal,R,178,IND,22,190,264,4-6 6-1 6-2 6-4,5,R128,150,12,7,132,80,57,25,18,10,13,0,4,107,68,40,18,17,6,13,2019-08-26,#aeb7c6,450.00,670.00,450.00,30.00,5.5,Early Rounds,Win,Sumit Nagal,415
2019-560,US Open,Hard,128,G,20190826,172,103819,3,,Roger Federer,R,185,SUI,38,3,6950,106000,,,Damir Dzumhur,R,175,BIH,27.2,99,535,3-6 6-2 6-3 6-4,5,R64,142,16,4,119,82,63,16,18,6,8,2,8,117,76,49,21,18,4,9,2019-08-26,#aeb7c6,469.70,670.00,469.70,30.00,5.5,Early Rounds,Win,Damir Dzumhur,416
2019-560,US Open,Hard,128,G,20190826,200,103819,3,,Roger Federer,R,185,SUI,38,3,6950,105554,,,Daniel Evans,R,175,GBR,29.2,58,955,6-2 6-2 6-1,5,R32,80,10,1,61,40,32,15,12,1,2,0,4,67,34,14,13,11,7,14,2019-08-26,#aeb7c6,489.40,670.00,489.40,30.00,5.5,Early Rounds,Win,Daniel Evans,417
2019-560,US Open,Hard,128,G,20190826,214,103819,3,,Roger Federer,R,185,SUI,38,3,6950,105676,15,,David Goffin,R,180,BEL,28.7,15,2055,6-2 6-2 6-0,5,R16,79,10,3,62,42,35,8,11,5,7,0,4,60,30,12,8,11,1,10,2019-08-26,#49b6c2,344.31,267.16,344.31,432.84,7.2,R16 / Quarter-Final,Win,David Goffin,418
2019-560,US Open,Hard,128,G,20190826,221,105777,,,Grigor Dimitrov,R,191,BUL,28.2,78,722,103819,3,,Roger Federer,R,185,SUI,38,3,6950,3-6 6-4 3-6 6-4 6-2,5,QF,192,6,7,131,91,68,21,23,10,14,6,1,144,88,65,28,23,10,15,2019-08-26,#49b6c2,573.97,655.72,573.97,44.28,7.2,R16 / Quarter-Final,Loss,Grigor Dimitrov,419
2020-580,Australian Open,Hard,128,G,20200120,147,103819,3,,Roger Federer,R,185,SUI,38.4,3,6590,105449,,,Steve Johnson,R,188,USA,30,75,720,6-3 6-2 6-2,5,R128,81,11,1,66,49,40,13,13,1,1,3,2,73,46,26,13,12,4,9,2020-01-20,#aeb7c6,509.10,670.00,509.10,30.00,5.5,Early Rounds,Win,Steve Johnson,420
2020-580,Australian Open,Hard,128,G,20200120,187,103819,3,,Roger Federer,R,185,SUI,38.4,3,6590,105936,,,Filip Krajinovic,R,185,SRB,27.8,41,1158,6-1 6-4 6-1,5,R64,92,14,0,68,47,36,13,12,2,3,4,2,77,57,33,4,12,7,14,2020-01-20,#aeb7c6,528.81,670.00,528.81,30.00,5.5,Early Rounds,Win,Filip Krajinovic,421
2020-580,Australian Open,Hard,128,G,20200120,207,103819,3,,Roger Federer,R,185,SUI,38.4,3,6590,105357,,,John Millman,R,183,AUS,30.6,47,1096,4-6 7-6(2) 6-4 4-6 7-6(8),5,R32,243,16,6,170,111,85,30,27,4,8,11,4,189,118,80,43,27,7,10,2020-01-20,#aeb7c6,548.51,670.00,548.51,30.00,5.5,Early Rounds,Win,John Millman,422
2020-580,Australian Open,Hard,128,G,20200120,217,103819,3,,Roger Federer,R,185,SUI,38.4,3,6590,105916,,,Marton Fucsovics,R,188,HUN,27.9,67,827,4-6 6-1 6-2 6-2,5,R16,131,5,0,103,63,48,21,17,7,9,1,1,89,42,24,25,16,5,12,2020-01-20,#49b6c2,519.40,272.03,519.40,427.97,7.2,R16 / Quarter-Final,Win,Marton Fucsovics,423
2020-580,Australian Open,Hard,128,G,20200120,222,103819,3,,Roger Federer,R,185,SUI,38.4,3,6590,105815,,,Tennys Sandgren,R,188,USA,28.4,100,573,6-3 2-6 2-6 7-6(8) 6-3,5,QF,211,5,3,171,112,80,31,23,10,14,27,5,150,97,77,24,23,11,13,2020-01-20,#49b6c2,471.37,252.30,471.37,447.70,7.2,R16 / Quarter-Final,Win,Tennys Sandgren,424
2020-580,Australian Open,Hard,128,G,20200120,225,104925,2,,Novak Djokovic,R,188,SRB,32.6,2,9720,103819,3,,Roger Federer,R,185,SUI,38.4,3,6590,7-6(1) 6-4 6-3,5,SF,138,11,1,102,74,54,15,16,5,7,15,3,104,68,45,15,15,7,11,2020-01-20,#a56bc5,474.84,190.91,474.84,509.09,9,Semi-Final / Final,Loss,Novak Djokovic,425
2021-520,Roland Garros,Clay,128,G,20210531,115,103819,8,,Roger Federer,R,185,SUI,39.8,8,5605,104797,,Q,Denis Istomin,R,185,UZB,34.7,204,343,6-2 6-4 6-3,5,R128,93,8,0,65,46,37,15,14,0,0,3,4,87,61,36,13,13,8,13,2021-05-31,#aeb7c6,568.21,670.00,568.21,30.00,5.5,Early Rounds,Win,Denis Istomin,426
2021-520,Roland Garros,Clay,128,G,20210531,171,103819,8,,Roger Federer,R,185,SUI,39.8,8,5605,105227,,,Marin Cilic,R,198,CRO,32.6,47,1388,6-2 2-6 7-6(4) 6-2,5,R64,155,16,1,117,80,60,21,18,5,8,12,6,120,77,58,17,18,11,16,2021-05-31,#aeb7c6,587.91,670.00,587.91,30.00,5.5,Early Rounds,Win,Marin Cilic,427
2021-520,Roland Garros,Clay,128,G,20210531,199,103819,8,,Roger Federer,R,185,SUI,39.8,8,5605,136440,,,Dominik Koepfer,L,180,GER,27,59,1134,7-6(5) 6-7(3) 7-6(4) 7-5,5,R32,215,6,1,158,101,69,33,24,2,6,11,4,161,95,62,41,24,9,14,2021-05-31,#aeb7c6,608.92,652.88,608.92,47.12,5.5,Early Rounds,Win,Dominik Koepfer,428
2021-520,Roland Garros,Clay,128,G,20210531,213,126610,9,,Matteo Berrettini,R,196,ITA,25.1,9,3958,103819,8,,Roger Federer,R,185,SUI,39.8,8,5605,W/O,5,R16,,,,,,,,0,,,,,,,,,0,,,2021-05-31,#49b6c2,232.89,33.05,232.89,666.95,7.2,R16 / Quarter-Final,Loss,Matteo Berrettini,429
2021-540,Wimbledon,Grass,128,G,20210628,148,103819,6,,Roger Federer,R,185,SUI,39.8,8,4815,105173,,,Adrian Mannarino,L,180,FRA,32.9,41,1571,6-4 6-7(3) 3-6 6-2 0-0 RET,5,R128,164,16,3,112,68,50,27,19,6,8,5,6,130,83,63,20,21,9,13,2021-06-28,#aeb7c6,596.45,639.96,596.45,60.04,5.5,Early Rounds,Win,Adrian Mannarino,430
2021-540,Wimbledon,Grass,128,G,20210628,188,103819,6,,Roger Federer,R,185,SUI,39.8,8,4815,104755,,,Richard Gasquet,R,183,FRA,35,56,1148,7-6(1) 6-1 6-4,5,R64,111,10,0,95,62,52,19,15,5,5,3,2,96,55,36,21,15,3,6,2021-06-28,#aeb7c6,579.79,632.00,579.79,68.00,5.5,Early Rounds,Win,Richard Gasquet,431
2021-540,Wimbledon,Grass,128,G,20210628,208,103819,6,,Roger Federer,R,185,SUI,39.8,8,4815,111815,29,,Cameron Norrie,L,188,GBR,25.8,34,1770,6-4 6-4 5-7 6-4,5,R32,155,7,0,114,76,56,25,21,2,4,12,7,132,87,59,22,21,7,11,2021-06-28,#aeb7c6,566.97,616.97,566.97,83.03,5.5,Early Rounds,Win,Cameron Norrie,432
2021-540,Wimbledon,Grass,128,G,20210628,218,103819,6,,Roger Federer,R,185,SUI,39.8,8,4815,132283,23,,Lorenzo Sonego,R,191,ITA,26.1,27,2038,7-5 6-4 6-2,5,R16,131,4,1,78,47,37,20,15,2,3,4,2,108,67,44,18,15,10,15,2021-06-28,#49b6c2,436.97,88.33,436.97,611.67,7.2,R16 / Quarter-Final,Win,Lorenzo Sonego,433
2021-540,Wimbledon,Grass,128,G,20210628,223,128034,14,,Hubert Hurkacz,R,196,POL,24.3,18,2533,103819,6,,Roger Federer,R,185,SUI,39.8,8,4815,6-3 7-6(4) 6-0,5,QF,109,10,3,88,52,41,20,15,3,4,5,3,93,60,40,11,13,10,15,2021-06-28,#49b6c2,329.26,139.80,329.26,560.20,7.2,R16 / Quarter-Final,Loss,Hubert Hurkacz,434